"subj_code","condition","desktop_conf","attent_conf","Ysym_side","test_stimulus","dv_selection","age","gender","tech_issues","dv_selection_rec","Transformation","Side","selection_rec"
"0DGgJeOmPWu0",1,"1: I confirm","1: I will take it seriously","left","img/Left_Y_Symmetry_Big.svg",2,21,"1: male",NA,"not-Ysym","Size","left","Not-Y-Refl."
"0WADdSthzxz1",1,"1: I confirm","1: I will take it seriously","left","img/Left_Y_Symmetry_Big.svg",2,18,"2: female",NA,"not-Ysym","Size","left","Not-Y-Refl."
"3q0dMcshQfv1",1,"1: I confirm","1: I will take it seriously","left","img/Left_Y_Symmetry_Big.svg",0,40,"1: male",NA,"Ysym","Size","left","Y-Refl."
"89HcF2oUEjIU",1,"1: I confirm","1: I will take it seriously","left","img/Left_Y_Symmetry_Big.svg",2,25,"1: male","No errors found","not-Ysym","Size","left","Not-Y-Refl."
"90Cpsk7SH8pz",1,"1: I confirm","1: I will take it seriously","left","img/Left_Y_Symmetry_Big.svg",2,40,"2: female",NA,"not-Ysym","Size","left","Not-Y-Refl."
"9qaG04Cayhoy",1,"1: I confirm","1: I will take it seriously","left","img/Left_Y_Symmetry_Big.svg",2,50,"2: female","Severely underpaying. I almost returned it but I was invested in the story.","not-Ysym","Size","left","Not-Y-Refl."
"AtAd0U8oEK4A",1,"1: I confirm","1: I will take it seriously","left","img/Left_Y_Symmetry_Big.svg",2,29,"2: female","none","not-Ysym","Size","left","Not-Y-Refl."
"H2mIawdf3nuP",1,"1: I confirm","1: I will take it seriously","left","img/Left_Y_Symmetry_Big.svg",2,25,"2: female",NA,"not-Ysym","Size","left","Not-Y-Refl."
"IFy65Q0ROtpC",1,"1: I confirm","1: I will take it seriously","left","img/Left_Y_Symmetry_Big.svg",2,28,"1: male",NA,"not-Ysym","Size","left","Not-Y-Refl."
"JCmTgZvRzwND",1,"1: I confirm","1: I will take it seriously","left","img/Left_Y_Symmetry_Big.svg",2,63,"2: female",NA,"not-Ysym","Size","left","Not-Y-Refl."
"MAiVJxBqHgzW",1,"1: I confirm","1: I will take it seriously","left","img/Left_Y_Symmetry_Big.svg",2,29,"2: female","I came across no issues.","not-Ysym","Size","left","Not-Y-Refl."
"NiHfYElxBpuc",1,"1: I confirm","1: I will take it seriously","left","img/Left_Y_Symmetry_Big.svg",1,29,"1: male",NA,"None","Size","left","None"
"PETEOiqNLHgR",1,"1: I confirm","1: I will take it seriously","left","img/Left_Y_Symmetry_Big.svg",2,37,"1: male","NIL","not-Ysym","Size","left","Not-Y-Refl."
"Pus4VtIDJWW8",1,"1: I confirm","1: I will take it seriously","left","img/Left_Y_Symmetry_Big.svg",2,20,"1: male",NA,"not-Ysym","Size","left","Not-Y-Refl."
"TVX5lgK4Mgft",1,"1: I confirm","1: I will take it seriously","left","img/Left_Y_Symmetry_Big.svg",2,36,"1: male","No errors that I could see, maybe the rover on the right didn't pick up the mug properly?","not-Ysym","Size","left","Not-Y-Refl."
"VHCKxQQ8xhDV",1,"1: I confirm","1: I will take it seriously","left","img/Left_Y_Symmetry_Big.svg",1,28,"1: male",NA,"None","Size","left","None"
"Y6ulUeG9RVjY",1,"1: I confirm","1: I will take it seriously","left","img/Left_Y_Symmetry_Big.svg",2,26,"1: male",NA,"not-Ysym","Size","left","Not-Y-Refl."
"YAYKkMa971lC",1,"1: I confirm","1: I will take it seriously","left","img/Left_Y_Symmetry_Big.svg",1,48,"1: male",NA,"None","Size","left","None"
"dFiEk9tCqA4J",1,"1: I confirm","1: I will take it seriously","left","img/Left_Y_Symmetry_Big.svg",2,62,"2: female",NA,"not-Ysym","Size","left","Not-Y-Refl."
"gdQfjEzCmuhl",1,"1: I confirm","1: I will take it seriously","left","img/Left_Y_Symmetry_Big.svg",2,30,"1: male",NA,"not-Ysym","Size","left","Not-Y-Refl."
"gze2WSd4ZQH5",1,"1: I confirm","1: I will take it seriously","left","img/Left_Y_Symmetry_Big.svg",0,46,"2: female",NA,"Ysym","Size","left","Y-Refl."
"jgeAOPJ4M2VQ",1,"1: I confirm","1: I will take it seriously","left","img/Left_Y_Symmetry_Big.svg",2,53,"2: female","none","not-Ysym","Size","left","Not-Y-Refl."
"lGHAdSHpiCa8",1,"1: I confirm","1: I will take it seriously","left","img/Left_Y_Symmetry_Big.svg",2,20,"2: female",NA,"not-Ysym","Size","left","Not-Y-Refl."
"ljIg1hQSk03o",1,"1: I confirm","1: I will take it seriously","left","img/Left_Y_Symmetry_Big.svg",2,20,"1: male","I do not believe I came across any errors in the study.","not-Ysym","Size","left","Not-Y-Refl."
"m1a9eQUWN0wU",1,"1: I confirm","1: I will take it seriously","left","img/Left_Y_Symmetry_Big.svg",0,48,"2: female","none thank you","Ysym","Size","left","Y-Refl."
"m5Mwg6djWdXv",1,"1: I confirm","1: I will take it seriously","left","img/Left_Y_Symmetry_Big.svg",2,27,"1: male",NA,"not-Ysym","Size","left","Not-Y-Refl."
"uQ24BXOn1sbq",1,"1: I confirm","1: I will take it seriously","left","img/Left_Y_Symmetry_Big.svg",2,64,"1: male",NA,"not-Ysym","Size","left","Not-Y-Refl."
"wGrDdVNBdAy6",1,"1: I confirm","1: I will take it seriously","left","img/Left_Y_Symmetry_Big.svg",2,51,"1: male","none","not-Ysym","Size","left","Not-Y-Refl."
"yGKwsufhqaxn",1,"1: I confirm","1: I will take it seriously","left","img/Left_Y_Symmetry_Big.svg",2,32,"3: non-binary","None","not-Ysym","Size","left","Not-Y-Refl."
"zLDWo94GtNhe",1,"1: I confirm","1: I will take it seriously","left","img/Left_Y_Symmetry_Big.svg",2,30,"1: male",NA,"not-Ysym","Size","left","Not-Y-Refl."
"0EmrjTjdcKdN",2,"1: I confirm","1: I will take it seriously","left","img/Left_Y_Symmetry_Angle.svg",2,26,"2: female","N/A","not-Ysym","Shape","left","Not-Y-Refl."
"35kV8e7QINIV",2,"1: I confirm","1: I will take it seriously","left","img/Left_Y_Symmetry_Angle.svg",2,47,"1: male","No errors or technical issues encountered.","not-Ysym","Shape","left","Not-Y-Refl."
"4z7q0PMyTxos",2,"1: I confirm","1: I will take it seriously","left","img/Left_Y_Symmetry_Angle.svg",2,60,"2: female",NA,"not-Ysym","Shape","left","Not-Y-Refl."
"609DpwvLiQwj",2,"1: I confirm","1: I will take it seriously","left","img/Left_Y_Symmetry_Angle.svg",2,27,"1: male",NA,"not-Ysym","Shape","left","Not-Y-Refl."
"67Q8HJ3bWA8I",2,"1: I confirm","1: I will take it seriously","left","img/Left_Y_Symmetry_Angle.svg",0,33,"2: female",NA,"Ysym","Shape","left","Y-Refl."
"6sjJPjlrAoUD",2,"1: I confirm","1: I will take it seriously","left","img/Left_Y_Symmetry_Angle.svg",2,27,"2: female",NA,"not-Ysym","Shape","left","Not-Y-Refl."
"70r1vM8v1xZ0",2,"1: I confirm","1: I will take it seriously","left","img/Left_Y_Symmetry_Angle.svg",2,58,"1: male","none","not-Ysym","Shape","left","Not-Y-Refl."
"9dDlRyl9WPYH",2,"1: I confirm","1: I will take it seriously","left","img/Left_Y_Symmetry_Angle.svg",0,27,"1: male","I didnt notice any spelling errors whether that was in the scenories or the question to continue. There was not any technical issue. I was able to move onto the next scenorio without an issue. The comparision of photos were easily identified. Wording on the question to continue could be worded better but not a huge difference as i understood it","Ysym","Shape","left","Y-Refl."
"AYCCD1MKCSRE",2,"1: I confirm","1: I will take it seriously","left","img/Left_Y_Symmetry_Angle.svg",2,64,"2: female",NA,"not-Ysym","Shape","left","Not-Y-Refl."
"MCVd6FHwBQvQ",2,"1: I confirm","1: I will take it seriously","left","img/Left_Y_Symmetry_Angle.svg",2,44,"1: male","n/a","not-Ysym","Shape","left","Not-Y-Refl."
"N2oV9HtTIzrn",2,"1: I confirm","1: I will take it seriously","left","img/Left_Y_Symmetry_Angle.svg",2,21,"2: female",NA,"not-Ysym","Shape","left","Not-Y-Refl."
"NFiDgJoVu7qY",2,"1: I confirm","1: I will take it seriously","left","img/Left_Y_Symmetry_Angle.svg",2,22,"2: female",NA,"not-Ysym","Shape","left","Not-Y-Refl."
"OOw3MiRmvtYH",2,"1: I confirm","1: I will take it seriously","left","img/Left_Y_Symmetry_Angle.svg",2,40,"2: female","None","not-Ysym","Shape","left","Not-Y-Refl."
"OZnpSNwl9iwZ",2,"1: I confirm","1: I will take it seriously","left","img/Left_Y_Symmetry_Angle.svg",1,68,"2: female",NA,"None","Shape","left","None"
"RrDyvPHgSgcn",2,"1: I confirm","1: I will take it seriously","left","img/Left_Y_Symmetry_Angle.svg",0,23,"2: female",NA,"Ysym","Shape","left","Y-Refl."
"UXEl5CLwk7zL",2,"1: I confirm","1: I will take it seriously","left","img/Left_Y_Symmetry_Angle.svg",2,44,"2: female",NA,"not-Ysym","Shape","left","Not-Y-Refl."
"XT7txDdPC8vk",2,"1: I confirm","1: I will take it seriously","left","img/Left_Y_Symmetry_Angle.svg",0,47,"2: female","no errors","Ysym","Shape","left","Y-Refl."
"aEGlDs8nqZY9",2,"1: I confirm","1: I will take it seriously","left","img/Left_Y_Symmetry_Angle.svg",2,30,"2: female","no","not-Ysym","Shape","left","Not-Y-Refl."
"dOmFcnWisiA5",2,"1: I confirm","1: I will take it seriously","left","img/Left_Y_Symmetry_Angle.svg",2,48,"2: female",NA,"not-Ysym","Shape","left","Not-Y-Refl."
"fd1IrXSv4p8f",2,"1: I confirm","1: I will take it seriously","left","img/Left_Y_Symmetry_Angle.svg",0,62,"1: male","Very hard to understand","Ysym","Shape","left","Y-Refl."
"hte6N0Gyf7Fu",2,"1: I confirm","1: I will take it seriously","left","img/Left_Y_Symmetry_Angle.svg",2,48,"2: female",NA,"not-Ysym","Shape","left","Not-Y-Refl."
"iM7P6fO3vOtX",2,"1: I confirm","1: I will take it seriously","left","img/Left_Y_Symmetry_Angle.svg",2,42,"2: female","none","not-Ysym","Shape","left","Not-Y-Refl."
"mg6zZbZf73Sp",2,"1: I confirm","1: I will take it seriously","left","img/Left_Y_Symmetry_Angle.svg",0,35,"1: male",NA,"Ysym","Shape","left","Y-Refl."
"oldJEDcWCD5B",2,"1: I confirm","1: I will take it seriously","left","img/Left_Y_Symmetry_Angle.svg",2,39,"1: male",NA,"not-Ysym","Shape","left","Not-Y-Refl."
"pbSVJrgOG3N1",2,"1: I confirm","1: I will take it seriously","left","img/Left_Y_Symmetry_Angle.svg",2,34,"1: male","No errors were experienced.","not-Ysym","Shape","left","Not-Y-Refl."
"plENxOwpzSfH",2,"1: I confirm","1: I will take it seriously","left","img/Left_Y_Symmetry_Angle.svg",0,34,"1: male","no errors","Ysym","Shape","left","Y-Refl."
"qdR0iguW0uUX",2,"1: I confirm","1: I will take it seriously","left","img/Left_Y_Symmetry_Angle.svg",2,39,"2: female","none","not-Ysym","Shape","left","Not-Y-Refl."
"sTCPFDNEelyP",2,"1: I confirm","1: I will take it seriously","left","img/Left_Y_Symmetry_Angle.svg",2,36,"1: male",NA,"not-Ysym","Shape","left","Not-Y-Refl."
"sgnGwLPhC8FW",2,"1: I confirm","1: I will take it seriously","left","img/Left_Y_Symmetry_Angle.svg",0,26,"1: male","none","Ysym","Shape","left","Y-Refl."
"vOgFv63PGm6y",2,"1: I confirm","1: I will take it seriously","left","img/Left_Y_Symmetry_Angle.svg",2,65,"1: male",NA,"not-Ysym","Shape","left","Not-Y-Refl."
"0oHgSH8PdCWz",3,"1: I confirm","1: I will take it seriously","left","img/Left_Y_Symmetry_X_Rotation.svg",2,43,"1: male","NO COMMENTS. ALL GOOD, THANKS.","not-Ysym","90-Rot.","left","Not-Y-Refl."
"0tyUd4kGljgy",3,"1: I confirm","1: I will take it seriously","left","img/Left_Y_Symmetry_X_Rotation.svg",2,26,"1: male","Came across no issues.","not-Ysym","90-Rot.","left","Not-Y-Refl."
"6HMX1CdY99zw",3,"1: I confirm","1: I will take it seriously","left","img/Left_Y_Symmetry_X_Rotation.svg",0,54,"1: male","All good","Ysym","90-Rot.","left","Y-Refl."
"CVrl72jWCOwK",3,"1: I confirm","1: I will take it seriously","left","img/Left_Y_Symmetry_X_Rotation.svg",2,30,"1: male",NA,"not-Ysym","90-Rot.","left","Not-Y-Refl."
"CWohrSDSTQee",3,"1: I confirm","1: I will take it seriously","left","img/Left_Y_Symmetry_X_Rotation.svg",2,31,"2: female","None","not-Ysym","90-Rot.","left","Not-Y-Refl."
"FR5WLPN1FWZe",3,"1: I confirm","1: I will take it seriously","left","img/Left_Y_Symmetry_X_Rotation.svg",2,35,"1: male","No issues found","not-Ysym","90-Rot.","left","Not-Y-Refl."
"G6C8lUBGA14j",3,"1: I confirm","1: I will take it seriously","left","img/Left_Y_Symmetry_X_Rotation.svg",1,50,"2: female","no, none","None","90-Rot.","left","None"
"GATPJidcIaGW",3,"1: I confirm","1: I will take it seriously","left","img/Left_Y_Symmetry_X_Rotation.svg",1,59,"1: male",NA,"None","90-Rot.","left","None"
"HjgqOzAkfhYz",3,"1: I confirm","1: I will take it seriously","left","img/Left_Y_Symmetry_X_Rotation.svg",0,25,"2: female",NA,"Ysym","90-Rot.","left","Y-Refl."
"JWfLAqQs8szm",3,"1: I confirm","1: I will take it seriously","left","img/Left_Y_Symmetry_X_Rotation.svg",0,54,"1: male",NA,"Ysym","90-Rot.","left","Y-Refl."
"P5Csdr6Bjf5r",3,"1: I confirm","1: I will take it seriously","left","img/Left_Y_Symmetry_X_Rotation.svg",2,43,"2: female","no errors","not-Ysym","90-Rot.","left","Not-Y-Refl."
"Puxe1wSAsveX",3,"1: I confirm","1: I will take it seriously","left","img/Left_Y_Symmetry_X_Rotation.svg",2,45,"1: male",NA,"not-Ysym","90-Rot.","left","Not-Y-Refl."
"Q4fF8VJKQpyJ",3,"1: I confirm","1: I will take it seriously","left","img/Left_Y_Symmetry_X_Rotation.svg",2,50,"1: male",NA,"not-Ysym","90-Rot.","left","Not-Y-Refl."
"QcsXpKSnHiv4",3,"1: I confirm","1: I will take it seriously","left","img/Left_Y_Symmetry_X_Rotation.svg",2,37,"2: female",NA,"not-Ysym","90-Rot.","left","Not-Y-Refl."
"RUeJNiPk5iTn",3,"1: I confirm","1: I will take it seriously","left","img/Left_Y_Symmetry_X_Rotation.svg",1,28,"1: male",NA,"None","90-Rot.","left","None"
"SzlC15Xo4zZb",3,"1: I confirm","1: I will take it seriously","left","img/Left_Y_Symmetry_X_Rotation.svg",1,42,"1: male","I had to click on a blank part of the webpage to show the robot images. This seemed like an error, but could have been by design, despite there not being a notification of this.","None","90-Rot.","left","None"
"VV9kso5aE2mw",3,"1: I confirm","1: I will take it seriously","left","img/Left_Y_Symmetry_X_Rotation.svg",2,41,"1: male","none","not-Ysym","90-Rot.","left","Not-Y-Refl."
"We0963COfDqs",3,"1: I confirm","1: I will take it seriously","left","img/Left_Y_Symmetry_X_Rotation.svg",2,43,"1: male",NA,"not-Ysym","90-Rot.","left","Not-Y-Refl."
"b96hDwYHXfaW",3,"1: I confirm","1: I will take it seriously","left","img/Left_Y_Symmetry_X_Rotation.svg",1,24,"1: male","The images sometimes take time to fully load, so it was required for me to wait a little before advancing to see if every image loaded correctly.","None","90-Rot.","left","None"
"bRQF26bRaEJV",3,"1: I confirm","1: I will take it seriously","left","img/Left_Y_Symmetry_X_Rotation.svg",2,87,"2: female",NA,"not-Ysym","90-Rot.","left","Not-Y-Refl."
"bTjE7kQ3RYgv",3,"1: I confirm","1: I will take it seriously","left","img/Left_Y_Symmetry_X_Rotation.svg",0,45,"2: female",NA,"Ysym","90-Rot.","left","Y-Refl."
"bsPA7zTPMwU0",3,"1: I confirm","1: I will take it seriously","left","img/Left_Y_Symmetry_X_Rotation.svg",2,60,"1: male","All good thank you and good luck with your research","not-Ysym","90-Rot.","left","Not-Y-Refl."
"eVswdK6rbB54",3,"1: I confirm","1: I will take it seriously","left","img/Left_Y_Symmetry_X_Rotation.svg",1,43,"2: female",NA,"None","90-Rot.","left","None"
"eWDuTClsjSM5",3,"1: I confirm","1: I will take it seriously","left","img/Left_Y_Symmetry_X_Rotation.svg",1,28,"2: female",NA,"None","90-Rot.","left","None"
"j58PncHwHLzp",3,"1: I confirm","1: I will take it seriously","left","img/Left_Y_Symmetry_X_Rotation.svg",2,48,"2: female","everything was good","not-Ysym","90-Rot.","left","Not-Y-Refl."
"p32Pc0KBLune",3,"1: I confirm","1: I will take it seriously","left","img/Left_Y_Symmetry_X_Rotation.svg",2,23,"2: female",NA,"not-Ysym","90-Rot.","left","Not-Y-Refl."
"pCxZEuN95koh",3,"1: I confirm","1: I will take it seriously","left","img/Left_Y_Symmetry_X_Rotation.svg",2,32,"2: female",NA,"not-Ysym","90-Rot.","left","Not-Y-Refl."
"pF3Llx1BoJ8a",3,"1: I confirm","1: I will take it seriously","left","img/Left_Y_Symmetry_X_Rotation.svg",1,37,"1: male",NA,"None","90-Rot.","left","None"
"riaEZbNOaELw",3,"1: I confirm","1: I will take it seriously","left","img/Left_Y_Symmetry_X_Rotation.svg",0,48,"1: male",NA,"Ysym","90-Rot.","left","Y-Refl."
"uEikhVrGgCBV",3,"1: I confirm","1: I will take it seriously","left","img/Left_Y_Symmetry_X_Rotation.svg",0,46,"1: male","no errors","Ysym","90-Rot.","left","Y-Refl."
"0ijZqcYpvtrp",4,"1: I confirm","1: I will take it seriously","left","img/Left_Y_Symmetry_X_Rotation_180.svg",2,53,"2: female",NA,"not-Ysym","180-Rot.","left","Not-Y-Refl."
"0n0rQ1xvp8rd",4,"1: I confirm","1: I will take it seriously","left","img/Left_Y_Symmetry_X_Rotation_180.svg",2,23,"2: female","No errors.","not-Ysym","180-Rot.","left","Not-Y-Refl."
"3IPUkvndDF4O",4,"1: I confirm","1: I will take it seriously","left","img/Left_Y_Symmetry_X_Rotation_180.svg",2,67,"2: female",NA,"not-Ysym","180-Rot.","left","Not-Y-Refl."
"3cshH4b6yS7t",4,"1: I confirm","1: I will take it seriously","left","img/Left_Y_Symmetry_X_Rotation_180.svg",2,31,"2: female",NA,"not-Ysym","180-Rot.","left","Not-Y-Refl."
"B0EEvdRbnm7X",4,"1: I confirm","1: I will take it seriously","left","img/Left_Y_Symmetry_X_Rotation_180.svg",2,48,"1: male",NA,"not-Ysym","180-Rot.","left","Not-Y-Refl."
"DkMcWnC9nVaa",4,"1: I confirm","1: I will take it seriously","left","img/Left_Y_Symmetry_X_Rotation_180.svg",1,27,"1: male","No issues while taking the study.","None","180-Rot.","left","None"
"Kld0S2NGfaRh",4,"1: I confirm","1: I will take it seriously","left","img/Left_Y_Symmetry_X_Rotation_180.svg",0,37,"1: male",NA,"Ysym","180-Rot.","left","Y-Refl."
"QAMqVmP7GONh",4,"1: I confirm","1: I will take it seriously","left","img/Left_Y_Symmetry_X_Rotation_180.svg",2,28,"1: male","None","not-Ysym","180-Rot.","left","Not-Y-Refl."
"Qpiz9hvwObUu",4,"1: I confirm","1: I will take it seriously","left","img/Left_Y_Symmetry_X_Rotation_180.svg",1,34,"2: female",NA,"None","180-Rot.","left","None"
"U6YurD7gqwOF",4,"1: I confirm","1: I will take it seriously","left","img/Left_Y_Symmetry_X_Rotation_180.svg",0,39,"1: male",NA,"Ysym","180-Rot.","left","Y-Refl."
"V8sqw4QMBDGK",4,"1: I confirm","1: I will take it seriously","left","img/Left_Y_Symmetry_X_Rotation_180.svg",1,35,"1: male","none","None","180-Rot.","left","None"
"VFVHxjCSsfcI",4,"1: I confirm","1: I will take it seriously","left","img/Left_Y_Symmetry_X_Rotation_180.svg",2,63,"2: female","none","not-Ysym","180-Rot.","left","Not-Y-Refl."
"WGbSiASd543i",4,"1: I confirm","1: I will take it seriously","left","img/Left_Y_Symmetry_X_Rotation_180.svg",1,50,"1: male","everything was clear","None","180-Rot.","left","None"
"WO41LshDbzOx",4,"1: I confirm","1: I will take it seriously","left","img/Left_Y_Symmetry_X_Rotation_180.svg",1,37,"1: male","it all looked good to me!","None","180-Rot.","left","None"
"YGZmaCuA89Fa",4,"1: I confirm","1: I will take it seriously","left","img/Left_Y_Symmetry_X_Rotation_180.svg",1,36,"1: male","did not notice anything wrong anywhere","None","180-Rot.","left","None"
"a8LV8OiUg8iv",4,"1: I confirm","1: I will take it seriously","left","img/Left_Y_Symmetry_X_Rotation_180.svg",2,35,"2: female",NA,"not-Ysym","180-Rot.","left","Not-Y-Refl."
"aDIUavfJIes4",4,"1: I confirm","1: I will take it seriously","left","img/Left_Y_Symmetry_X_Rotation_180.svg",2,33,"1: male",NA,"not-Ysym","180-Rot.","left","Not-Y-Refl."
"aat87GwUunUE",4,"1: I confirm","1: I will take it seriously","left","img/Left_Y_Symmetry_X_Rotation_180.svg",0,18,"1: male",NA,"Ysym","180-Rot.","left","Y-Refl."
"cHm0eGqFZqFL",4,"1: I confirm","1: I will take it seriously","left","img/Left_Y_Symmetry_X_Rotation_180.svg",2,23,"1: male",NA,"not-Ysym","180-Rot.","left","Not-Y-Refl."
"cN6c1ttAjF4u",4,"1: I confirm","1: I will take it seriously","left","img/Left_Y_Symmetry_X_Rotation_180.svg",2,31,"1: male",NA,"not-Ysym","180-Rot.","left","Not-Y-Refl."
"drg5irS5EniP",4,"1: I confirm","1: I will take it seriously","left","img/Left_Y_Symmetry_X_Rotation_180.svg",0,44,"1: male",NA,"Ysym","180-Rot.","left","Y-Refl."
"iaVefspQRORU",4,"1: I confirm","1: I will take it seriously","left","img/Left_Y_Symmetry_X_Rotation_180.svg",2,42,"2: female",NA,"not-Ysym","180-Rot.","left","Not-Y-Refl."
"jP7ieQzDAWfq",4,"1: I confirm","1: I will take it seriously","left","img/Left_Y_Symmetry_X_Rotation_180.svg",2,26,"1: male","N/A","not-Ysym","180-Rot.","left","Not-Y-Refl."
"lDCEPj1dntap",4,"1: I confirm","1: I will take it seriously","left","img/Left_Y_Symmetry_X_Rotation_180.svg",2,29,"2: female",NA,"not-Ysym","180-Rot.","left","Not-Y-Refl."
"oXUZdgBuV0KX",4,"1: I confirm","1: I will take it seriously","left","img/Left_Y_Symmetry_X_Rotation_180.svg",2,33,"2: female",NA,"not-Ysym","180-Rot.","left","Not-Y-Refl."
"oeDUw7IwMFSh",4,"1: I confirm","1: I will take it seriously","left","img/Left_Y_Symmetry_X_Rotation_180.svg",2,19,"3: non-binary",NA,"not-Ysym","180-Rot.","left","Not-Y-Refl."
"sHB7rXkVhHCv",4,"1: I confirm","1: I will take it seriously","left","img/Left_Y_Symmetry_X_Rotation_180.svg",1,25,"1: male","All worked fine","None","180-Rot.","left","None"
"vuNysbpDCxtE",4,"1: I confirm","1: I will take it seriously","left","img/Left_Y_Symmetry_X_Rotation_180.svg",2,23,"2: female",NA,"not-Ysym","180-Rot.","left","Not-Y-Refl."
"wXnOTihiv03E",4,"1: I confirm","1: I will take it seriously","left","img/Left_Y_Symmetry_X_Rotation_180.svg",0,23,"1: male",NA,"Ysym","180-Rot.","left","Y-Refl."
"xR4uROwE6KaZ",4,"1: I confirm","1: I will take it seriously","left","img/Left_Y_Symmetry_X_Rotation_180.svg",0,41,"1: male","No errors","Ysym","180-Rot.","left","Y-Refl."
"0eFpjTfewcM7",5,"1: I confirm","1: I will take it seriously","left","img/Left_Y_Symmetry_X_Symmetry.svg",2,25,"1: male",NA,"not-Ysym","X-Refl.","left","Not-Y-Refl."
"2XVLvBZHV4JA",5,"1: I confirm","1: I will take it seriously","left","img/Left_Y_Symmetry_X_Symmetry.svg",1,20,"1: male",NA,"None","X-Refl.","left","None"
"4OTcV7fTD0Zb",5,"1: I confirm","1: I will take it seriously","left","img/Left_Y_Symmetry_X_Symmetry.svg",2,34,"1: male",NA,"not-Ysym","X-Refl.","left","Not-Y-Refl."
"50oydufqrzcM",5,"1: I confirm","1: I will take it seriously","left","img/Left_Y_Symmetry_X_Symmetry.svg",2,24,"1: male",NA,"not-Ysym","X-Refl.","left","Not-Y-Refl."
"7I552hrjnEMt",5,"1: I confirm","1: I will take it seriously","left","img/Left_Y_Symmetry_X_Symmetry.svg",2,38,"2: female","N/A","not-Ysym","X-Refl.","left","Not-Y-Refl."
"98UvCHJ2ea0M",5,"1: I confirm","1: I will take it seriously","left","img/Left_Y_Symmetry_X_Symmetry.svg",2,35,"1: male","n/a","not-Ysym","X-Refl.","left","Not-Y-Refl."
"9GP8qfwkQ9Sl",5,"1: I confirm","1: I will take it seriously","left","img/Left_Y_Symmetry_X_Symmetry.svg",2,27,"2: female",NA,"not-Ysym","X-Refl.","left","Not-Y-Refl."
"ACsXkSxHbYMJ",5,"1: I confirm","1: I will take it seriously","left","img/Left_Y_Symmetry_X_Symmetry.svg",2,33,"1: male",NA,"not-Ysym","X-Refl.","left","Not-Y-Refl."
"At9gL5xKLwlm",5,"1: I confirm","1: I will take it seriously","left","img/Left_Y_Symmetry_X_Symmetry.svg",1,36,"2: female",NA,"None","X-Refl.","left","None"
"CoOXLfrWyr0b",5,"1: I confirm","1: I will take it seriously","left","img/Left_Y_Symmetry_X_Symmetry.svg",2,36,"1: male",NA,"not-Ysym","X-Refl.","left","Not-Y-Refl."
"CyKdHiBICEkb",5,"1: I confirm","1: I will take it seriously","left","img/Left_Y_Symmetry_X_Symmetry.svg",2,34,"1: male","No, none","not-Ysym","X-Refl.","left","Not-Y-Refl."
"DkI1PttC4YHe",5,"1: I confirm","1: I will take it seriously","left","img/Left_Y_Symmetry_X_Symmetry.svg",1,43,"1: male",NA,"None","X-Refl.","left","None"
"EgBJXPbUKaAU",5,"1: I confirm","1: I will take it seriously","left","img/Left_Y_Symmetry_X_Symmetry.svg",1,63,"2: female",NA,"None","X-Refl.","left","None"
"Jtmh1NwKKGI3",5,"1: I confirm","1: I will take it seriously","left","img/Left_Y_Symmetry_X_Symmetry.svg",2,48,"1: male","the images didnt load properly. the cups were at angles which didnt look consistent with the arms, or contorted angles of lifting.","not-Ysym","X-Refl.","left","Not-Y-Refl."
"K5gsF5gIdecH",5,"1: I confirm","1: I will take it seriously","left","img/Left_Y_Symmetry_X_Symmetry.svg",2,25,"1: male","The screen did not pass","not-Ysym","X-Refl.","left","Not-Y-Refl."
"KL45wUhwpf2G",5,"1: I confirm","1: I will take it seriously","left","img/Left_Y_Symmetry_X_Symmetry.svg",2,47,"2: female",NA,"not-Ysym","X-Refl.","left","Not-Y-Refl."
"MWFqOhsD3t4z",5,"1: I confirm","1: I will take it seriously","left","img/Left_Y_Symmetry_X_Symmetry.svg",2,48,"2: female",NA,"not-Ysym","X-Refl.","left","Not-Y-Refl."
"NhJOTk3GkZKl",5,"1: I confirm","1: I will take it seriously","left","img/Left_Y_Symmetry_X_Symmetry.svg",1,50,"1: male","none.   Have a good day","None","X-Refl.","left","None"
"UT5CzrRZDagr",5,"1: I confirm","1: I will take it seriously","left","img/Left_Y_Symmetry_X_Symmetry.svg",0,33,"1: male","None.","Ysym","X-Refl.","left","Y-Refl."
"Vtz0owZDH76i",5,"1: I confirm","1: I will take it seriously","left","img/Left_Y_Symmetry_X_Symmetry.svg",2,33,"2: female","none","not-Ysym","X-Refl.","left","Not-Y-Refl."
"Y5y3xGDt10WU",5,"1: I confirm","1: I will take it seriously","left","img/Left_Y_Symmetry_X_Symmetry.svg",1,31,"1: male",NA,"None","X-Refl.","left","None"
"ZpRAtfJ8RP5M",5,"1: I confirm","1: I will take it seriously","left","img/Left_Y_Symmetry_X_Symmetry.svg",2,29,"1: male",NA,"not-Ysym","X-Refl.","left","Not-Y-Refl."
"dzRRzQ1uIgJV",5,"1: I confirm","1: I will take it seriously","left","img/Left_Y_Symmetry_X_Symmetry.svg",2,57,"1: male","no errors","not-Ysym","X-Refl.","left","Not-Y-Refl."
"j8VwcOeAj1d1",5,"1: I confirm","1: I will take it seriously","left","img/Left_Y_Symmetry_X_Symmetry.svg",2,67,"1: male",NA,"not-Ysym","X-Refl.","left","Not-Y-Refl."
"lb4Sz5E4TgIT",5,"1: I confirm","1: I will take it seriously","left","img/Left_Y_Symmetry_X_Symmetry.svg",1,29,"1: male",NA,"None","X-Refl.","left","None"
"oxItmK1Zhjqd",5,"1: I confirm","1: I will take it seriously","left","img/Left_Y_Symmetry_X_Symmetry.svg",0,19,"1: male",NA,"Ysym","X-Refl.","left","Y-Refl."
"p3VMHBGAaA07",5,"1: I confirm","1: I will take it seriously","left","img/Left_Y_Symmetry_X_Symmetry.svg",2,20,"2: female",NA,"not-Ysym","X-Refl.","left","Not-Y-Refl."
"rlDNOz7niVCp",5,"1: I confirm","1: I will take it seriously","left","img/Left_Y_Symmetry_X_Symmetry.svg",0,72,"1: male",NA,"Ysym","X-Refl.","left","Y-Refl."
"sCubVKgjF5aF",5,"1: I confirm","1: I will take it seriously","left","img/Left_Y_Symmetry_X_Symmetry.svg",2,30,"2: female",NA,"not-Ysym","X-Refl.","left","Not-Y-Refl."
"vcJkdirIRFsQ",5,"1: I confirm","1: I will take it seriously","left","img/Left_Y_Symmetry_X_Symmetry.svg",0,36,"1: male",NA,"Ysym","X-Refl.","left","Y-Refl."
"0q3hxM8sOcH5",6,"1: I confirm","1: I will take it seriously","left","img/Left_Y_Symmetry_Y_Translation.svg",2,56,"2: female",NA,"not-Ysym","Y-Tran.","left","Not-Y-Refl."
"7xVzvCSKr2on",6,"1: I confirm","1: I will take it seriously","left","img/Left_Y_Symmetry_Y_Translation.svg",2,47,"1: male",NA,"not-Ysym","Y-Tran.","left","Not-Y-Refl."
"A03VwLjUnOsG",6,"1: I confirm","1: I will take it seriously","left","img/Left_Y_Symmetry_Y_Translation.svg",1,46,"2: female",NA,"None","Y-Tran.","left","None"
"AiSGvDPQ2nI8",6,"1: I confirm","1: I will take it seriously","left","img/Left_Y_Symmetry_Y_Translation.svg",1,54,"2: female",NA,"None","Y-Tran.","left","None"
"AuyyoRjBbi8c",6,"1: I confirm","1: I will take it seriously","left","img/Left_Y_Symmetry_Y_Translation.svg",2,50,"2: female",NA,"not-Ysym","Y-Tran.","left","Not-Y-Refl."
"CeJv6WDGPOHK",6,"1: I confirm","1: I will take it seriously","left","img/Left_Y_Symmetry_Y_Translation.svg",1,25,"1: male","no errors.","None","Y-Tran.","left","None"
"FCqiU7k0I6gT",6,"1: I confirm","1: I will take it seriously","left","img/Left_Y_Symmetry_Y_Translation.svg",1,41,"2: female",NA,"None","Y-Tran.","left","None"
"KjMEPGXTiIOz",6,"1: I confirm","1: I will take it seriously","left","img/Left_Y_Symmetry_Y_Translation.svg",2,38,"1: male",NA,"not-Ysym","Y-Tran.","left","Not-Y-Refl."
"Ld93KfAAeFMG",6,"1: I confirm","1: I will take it seriously","left","img/Left_Y_Symmetry_Y_Translation.svg",0,31,"2: female","I didn't come across any errors. Thank you for allowing me to participate :)","Ysym","Y-Tran.","left","Y-Refl."
"M4rO9AHue0vq",6,"1: I confirm","1: I will take it seriously","left","img/Left_Y_Symmetry_Y_Translation.svg",2,59,"2: female","None!","not-Ysym","Y-Tran.","left","Not-Y-Refl."
"NBFGzMGRhebc",6,"1: I confirm","1: I will take it seriously","left","img/Left_Y_Symmetry_Y_Translation.svg",1,35,"1: male",NA,"None","Y-Tran.","left","None"
"PiqCU6qj424g",6,"1: I confirm","1: I will take it seriously","left","img/Left_Y_Symmetry_Y_Translation.svg",2,20,"2: female",NA,"not-Ysym","Y-Tran.","left","Not-Y-Refl."
"SGmkbNVFmA3Q",6,"1: I confirm","1: I will take it seriously","left","img/Left_Y_Symmetry_Y_Translation.svg",2,58,"1: male","none","not-Ysym","Y-Tran.","left","Not-Y-Refl."
"SuQUzeE0aId9",6,"1: I confirm","1: I will take it seriously","left","img/Left_Y_Symmetry_Y_Translation.svg",2,28,"1: male","No errors were found","not-Ysym","Y-Tran.","left","Not-Y-Refl."
"X1IkQU1leMzu",6,"1: I confirm","1: I will take it seriously","left","img/Left_Y_Symmetry_Y_Translation.svg",2,35,"1: male",NA,"not-Ysym","Y-Tran.","left","Not-Y-Refl."
"b8xGObZEsrmQ",6,"1: I confirm","1: I will take it seriously","left","img/Left_Y_Symmetry_Y_Translation.svg",2,34,"2: female","none","not-Ysym","Y-Tran.","left","Not-Y-Refl."
"cJwWke8YmBni",6,"1: I confirm","1: I will take it seriously","left","img/Left_Y_Symmetry_Y_Translation.svg",0,20,"1: male",NA,"Ysym","Y-Tran.","left","Y-Refl."
"enJmc68MgcUC",6,"1: I confirm","1: I will take it seriously","left","img/Left_Y_Symmetry_Y_Translation.svg",1,33,"1: male",NA,"None","Y-Tran.","left","None"
"h1X7I4ovkTn5",6,"1: I confirm","1: I will take it seriously","left","img/Left_Y_Symmetry_Y_Translation.svg",1,37,"1: male","everything was fine","None","Y-Tran.","left","None"
"khLvCHtUfPLF",6,"1: I confirm","1: I will take it seriously","left","img/Left_Y_Symmetry_Y_Translation.svg",1,71,"2: female",NA,"None","Y-Tran.","left","None"
"nOjCAlT2LSsa",6,"1: I confirm","1: I will take it seriously","left","img/Left_Y_Symmetry_Y_Translation.svg",2,27,"1: male",NA,"not-Ysym","Y-Tran.","left","Not-Y-Refl."
"qXgenY95rRlJ",6,"1: I confirm","1: I will take it seriously","left","img/Left_Y_Symmetry_Y_Translation.svg",1,49,"1: male","The pictures of the robots were often very slow appear, first screen tracks only appeared first for quite some time I was wondering what was going on with the robot description, and then they arrived.
","None","Y-Tran.","left","None"
"qlYNrSfhfxtS",6,"1: I confirm","1: I will take it seriously","left","img/Left_Y_Symmetry_Y_Translation.svg",0,56,"1: male",NA,"Ysym","Y-Tran.","left","Y-Refl."
"qoKSXEnxk5Uf",6,"1: I confirm","1: I will take it seriously","left","img/Left_Y_Symmetry_Y_Translation.svg",1,23,"1: male",NA,"None","Y-Tran.","left","None"
"sWBSHJD5YE5l",6,"1: I confirm","1: I will take it seriously","left","img/Left_Y_Symmetry_Y_Translation.svg",2,32,"1: male",NA,"not-Ysym","Y-Tran.","left","Not-Y-Refl."
"tIXBxtQNOl7e",6,"1: I confirm","1: I will take it seriously","left","img/Left_Y_Symmetry_Y_Translation.svg",2,54,"2: female","No errors, everything ran smoothly.  I would have like another potential answer though, that both objects are different.","not-Ysym","Y-Tran.","left","Not-Y-Refl."
"u439nhzp14vy",6,"1: I confirm","1: I will take it seriously","left","img/Left_Y_Symmetry_Y_Translation.svg",1,56,"1: male","No errors","None","Y-Tran.","left","None"
"x096fhtCI8tw",6,"1: I confirm","1: I will take it seriously","left","img/Left_Y_Symmetry_Y_Translation.svg",2,35,"2: female",NA,"not-Ysym","Y-Tran.","left","Not-Y-Refl."
"zSY5462OrWj3",6,"1: I confirm","1: I will take it seriously","left","img/Left_Y_Symmetry_Y_Translation.svg",1,40,"2: female",NA,"None","Y-Tran.","left","None"
"zbNhEjHQip7C",6,"1: I confirm","1: I will take it seriously","left","img/Left_Y_Symmetry_Y_Translation.svg",2,55,"1: male",NA,"not-Ysym","Y-Tran.","left","Not-Y-Refl."
"0OqpkQQS5IYi",7,"1: I confirm","1: I will take it seriously","left","img/Left_Y_Symmetry_X_Translation.svg",1,20,"2: female","No errors","None","X-Tran.","left","None"
"13hlnA7MI4Cb",7,"1: I confirm","1: I will take it seriously","left","img/Left_Y_Symmetry_X_Translation.svg",2,61,"1: male",NA,"not-Ysym","X-Tran.","left","Not-Y-Refl."
"3UuDAvIp3zii",7,"1: I confirm","1: I will take it seriously","left","img/Left_Y_Symmetry_X_Translation.svg",2,23,"1: male",NA,"not-Ysym","X-Tran.","left","Not-Y-Refl."
"49FjaWgzeo9k",7,"1: I confirm","1: I will take it seriously","left","img/Left_Y_Symmetry_X_Translation.svg",1,61,"2: female","no problems","None","X-Tran.","left","None"
"7hzQKXnF1wAU",7,"1: I confirm","1: I will take it seriously","left","img/Left_Y_Symmetry_X_Translation.svg",0,22,"1: male",NA,"Ysym","X-Tran.","left","Y-Refl."
"8xBTHRvOsVHW",7,"1: I confirm","1: I will take it seriously","left","img/Left_Y_Symmetry_X_Translation.svg",1,73,"2: female","None","None","X-Tran.","left","None"
"B8uUW2sVuHeu",7,"1: I confirm","1: I will take it seriously","left","img/Left_Y_Symmetry_X_Translation.svg",1,34,"2: female",NA,"None","X-Tran.","left","None"
"E35uPE4Io8aQ",7,"1: I confirm","1: I will take it seriously","left","img/Left_Y_Symmetry_X_Translation.svg",2,32,"1: male",NA,"not-Ysym","X-Tran.","left","Not-Y-Refl."
"HKXBsAATqF1R",7,"1: I confirm","1: I will take it seriously","left","img/Left_Y_Symmetry_X_Translation.svg",1,68,"1: male","None","None","X-Tran.","left","None"
"HSr31al6O0Bw",7,"1: I confirm","1: I will take it seriously","left","img/Left_Y_Symmetry_X_Translation.svg",2,50,"1: male",NA,"not-Ysym","X-Tran.","left","Not-Y-Refl."
"I0HiVYHwnPBm",7,"1: I confirm","1: I will take it seriously","left","img/Left_Y_Symmetry_X_Translation.svg",2,32,"2: female","none","not-Ysym","X-Tran.","left","Not-Y-Refl."
"M4Akxrov383B",7,"1: I confirm","1: I will take it seriously","left","img/Left_Y_Symmetry_X_Translation.svg",1,34,"1: male",NA,"None","X-Tran.","left","None"
"MvhwfjU94HFs",7,"1: I confirm","1: I will take it seriously","left","img/Left_Y_Symmetry_X_Translation.svg",1,71,"1: male","The robots' arms took a long time to appear, although the wheels/tracks showed immediately.","None","X-Tran.","left","None"
"N3ZoburCh6c1",7,"1: I confirm","1: I will take it seriously","left","img/Left_Y_Symmetry_X_Translation.svg",0,34,"1: male",NA,"Ysym","X-Tran.","left","Y-Refl."
"Om5ekWGbfTPZ",7,"1: I confirm","1: I will take it seriously","left","img/Left_Y_Symmetry_X_Translation.svg",1,67,"2: female","none","None","X-Tran.","left","None"
"SqphbBdcdDhj",7,"1: I confirm","1: I will take it seriously","left","img/Left_Y_Symmetry_X_Translation.svg",2,65,"1: male","none","not-Ysym","X-Tran.","left","Not-Y-Refl."
"UWyr0zavLlVP",7,"1: I confirm","1: I will take it seriously","left","img/Left_Y_Symmetry_X_Translation.svg",0,22,"2: female",NA,"Ysym","X-Tran.","left","Y-Refl."
"W61AIwMVYi4r",7,"1: I confirm","1: I will take it seriously","left","img/Left_Y_Symmetry_X_Translation.svg",1,41,"1: male",NA,"None","X-Tran.","left","None"
"XLKmbDPfY40t",7,"1: I confirm","1: I will take it seriously","left","img/Left_Y_Symmetry_X_Translation.svg",1,27,"1: male",NA,"None","X-Tran.","left","None"
"XmGHtKYengNq",7,"1: I confirm","1: I will take it seriously","left","img/Left_Y_Symmetry_X_Translation.svg",1,28,"2: female","I did not notice any errors.","None","X-Tran.","left","None"
"aHsmyLxhlSQj",7,"1: I confirm","1: I will take it seriously","left","img/Left_Y_Symmetry_X_Translation.svg",1,50,"2: female",NA,"None","X-Tran.","left","None"
"aeiWKn4FhpmD",7,"1: I confirm","1: I will take it seriously","left","img/Left_Y_Symmetry_X_Translation.svg",1,43,"2: female",NA,"None","X-Tran.","left","None"
"hDFFrDNP23vC",7,"1: I confirm","1: I will take it seriously","left","img/Left_Y_Symmetry_X_Translation.svg",1,25,"1: male","no errors","None","X-Tran.","left","None"
"ioDlxHwtC0SM",7,"1: I confirm","1: I will take it seriously","left","img/Left_Y_Symmetry_X_Translation.svg",2,43,"1: male","The test seemed okay to follow and i didn't see any errors","not-Ysym","X-Tran.","left","Not-Y-Refl."
"oufpocXZWsqF",7,"1: I confirm","1: I will take it seriously","left","img/Left_Y_Symmetry_X_Translation.svg",1,26,"2: female",NA,"None","X-Tran.","left","None"
"qjyyQE77JKVl",7,"1: I confirm","1: I will take it seriously","left","img/Left_Y_Symmetry_X_Translation.svg",1,26,"1: male","None","None","X-Tran.","left","None"
"uWBD7ND7zx4w",7,"1: I confirm","1: I will take it seriously","left","img/Left_Y_Symmetry_X_Translation.svg",1,45,"1: male",NA,"None","X-Tran.","left","None"
"vZo4PzUOyW1j",7,"1: I confirm","1: I will take it seriously","left","img/Left_Y_Symmetry_X_Translation.svg",2,23,"1: male","no errors","not-Ysym","X-Tran.","left","Not-Y-Refl."
"xGldVx47ke7c",7,"1: I confirm","1: I will take it seriously","left","img/Left_Y_Symmetry_X_Translation.svg",1,71,"1: male",NA,"None","X-Tran.","left","None"
"y3NIcjS9JGQl",7,"1: I confirm","1: I will take it seriously","left","img/Left_Y_Symmetry_X_Translation.svg",2,40,"1: male",NA,"not-Ysym","X-Tran.","left","Not-Y-Refl."
"686CW4CniACu",8,"1: I confirm","1: I will take it seriously","right","img/Right_Y_Symmetry_Big.svg",2,65,"1: male","All good","Ysym","Size","right","Y-Refl."
"6JqHu0VeUWWw",8,"1: I confirm","1: I will take it seriously","right","img/Right_Y_Symmetry_Big.svg",0,65,"4: prefer not to say",NA,"not-Ysym","Size","right","Not-Y-Refl."
"7J3MwvpVwRK8",8,"1: I confirm","1: I will take it seriously","right","img/Right_Y_Symmetry_Big.svg",0,23,"2: female",NA,"not-Ysym","Size","right","Not-Y-Refl."
"9di9l3GACD8D",8,"1: I confirm","1: I will take it seriously","right","img/Right_Y_Symmetry_Big.svg",0,19,"1: male",NA,"not-Ysym","Size","right","Not-Y-Refl."
"A48CYgw1dJ2H",8,"1: I confirm","1: I will take it seriously","right","img/Right_Y_Symmetry_Big.svg",1,34,"1: male","Was confused as to why the robots would be delayed in loading into the images","None","Size","right","None"
"BS2WVGocUNF6",8,"1: I confirm","1: I will take it seriously","right","img/Right_Y_Symmetry_Big.svg",2,36,"2: female",NA,"Ysym","Size","right","Y-Refl."
"CuImoCnyyr6y",8,"1: I confirm","1: I will take it seriously","right","img/Right_Y_Symmetry_Big.svg",0,26,"1: male",NA,"not-Ysym","Size","right","Not-Y-Refl."
"EJygmeZvQ17h",8,"1: I confirm","1: I will take it seriously","right","img/Right_Y_Symmetry_Big.svg",0,26,"1: male",NA,"not-Ysym","Size","right","Not-Y-Refl."
"IQGKJwM4ZtqE",8,"1: I confirm","1: I will take it seriously","right","img/Right_Y_Symmetry_Big.svg",0,33,"1: male",NA,"not-Ysym","Size","right","Not-Y-Refl."
"P8oWGRacEpCJ",8,"1: I confirm","1: I will take it seriously","right","img/Right_Y_Symmetry_Big.svg",0,68,"2: female",NA,"not-Ysym","Size","right","Not-Y-Refl."
"RRjemWkPHhlu",8,"1: I confirm","1: I will take it seriously","right","img/Right_Y_Symmetry_Big.svg",0,39,"2: female",NA,"not-Ysym","Size","right","Not-Y-Refl."
"UpxcU7mmSz7G",8,"1: I confirm","1: I will take it seriously","right","img/Right_Y_Symmetry_Big.svg",0,34,"1: male","Satisfactory","not-Ysym","Size","right","Not-Y-Refl."
"XlHtNud6asas",8,"1: I confirm","1: I will take it seriously","right","img/Right_Y_Symmetry_Big.svg",0,29,"1: male",NA,"not-Ysym","Size","right","Not-Y-Refl."
"XuCttiE120de",8,"1: I confirm","1: I will take it seriously","right","img/Right_Y_Symmetry_Big.svg",0,30,"2: female",NA,"not-Ysym","Size","right","Not-Y-Refl."
"Y9b8XoskEiq2",8,"1: I confirm","1: I will take it seriously","right","img/Right_Y_Symmetry_Big.svg",0,35,"2: female","No issues found","not-Ysym","Size","right","Not-Y-Refl."
"h3jy929QMMK0",8,"1: I confirm","1: I will take it seriously","right","img/Right_Y_Symmetry_Big.svg",1,41,"1: male","none","None","Size","right","None"
"hVEIEh7DqOI6",8,"1: I confirm","1: I will take it seriously","right","img/Right_Y_Symmetry_Big.svg",0,23,"2: female","None","not-Ysym","Size","right","Not-Y-Refl."
"hzoFvi4ogEfQ",8,"1: I confirm","1: I will take it seriously","right","img/Right_Y_Symmetry_Big.svg",0,48,"1: male",NA,"not-Ysym","Size","right","Not-Y-Refl."
"i5zC357BlIuF",8,"1: I confirm","1: I will take it seriously","right","img/Right_Y_Symmetry_Big.svg",0,37,"1: male",NA,"not-Ysym","Size","right","Not-Y-Refl."
"jCU2FLGoGA2R",8,"1: I confirm","1: I will take it seriously","right","img/Right_Y_Symmetry_Big.svg",0,34,"2: female","i feel bad for the robots","not-Ysym","Size","right","Not-Y-Refl."
"jiO1HoGGW31S",8,"1: I confirm","1: I will take it seriously","right","img/Right_Y_Symmetry_Big.svg",0,27,"1: male","nope all clear","not-Ysym","Size","right","Not-Y-Refl."
"oyhDykU7wD7M",8,"1: I confirm","1: I will take it seriously","right","img/Right_Y_Symmetry_Big.svg",0,64,"1: male","I didnt notice any","not-Ysym","Size","right","Not-Y-Refl."
"pfrSkGcjhzaf",8,"1: I confirm","1: I will take it seriously","right","img/Right_Y_Symmetry_Big.svg",0,26,"2: female","none","not-Ysym","Size","right","Not-Y-Refl."
"q9iFJ6nDyBtF",8,"1: I confirm","1: I will take it seriously","right","img/Right_Y_Symmetry_Big.svg",0,51,"2: female","I didn't see any errors","not-Ysym","Size","right","Not-Y-Refl."
"rnQn0YworlWU",8,"1: I confirm","1: I will take it seriously","right","img/Right_Y_Symmetry_Big.svg",0,22,"1: male",NA,"not-Ysym","Size","right","Not-Y-Refl."
"s7YIjNfzkqpB",8,"1: I confirm","1: I will take it seriously","right","img/Right_Y_Symmetry_Big.svg",0,34,"1: male","N/A","not-Ysym","Size","right","Not-Y-Refl."
"tEqzcyp2Z1A5",8,"1: I confirm","1: I will take it seriously","right","img/Right_Y_Symmetry_Big.svg",0,42,"2: female",NA,"not-Ysym","Size","right","Not-Y-Refl."
"vFPQrgIqaVep",8,"1: I confirm","1: I will take it seriously","right","img/Right_Y_Symmetry_Big.svg",0,18,"1: male",NA,"not-Ysym","Size","right","Not-Y-Refl."
"vqkBzFSO8kGN",8,"1: I confirm","1: I will take it seriously","right","img/Right_Y_Symmetry_Big.svg",0,39,"1: male",NA,"not-Ysym","Size","right","Not-Y-Refl."
"xcT6jgMO2ydU",8,"1: I confirm","1: I will take it seriously","right","img/Right_Y_Symmetry_Big.svg",0,36,"2: female",NA,"not-Ysym","Size","right","Not-Y-Refl."
"2HA1hVrWUy6t",9,"1: I confirm","1: I will take it seriously","right","img/Right_Y_Symmetry_Angle.svg",2,34,"1: male",NA,"Ysym","Shape","right","Y-Refl."
"44TgBM1WLhTp",9,"1: I confirm","1: I will take it seriously","right","img/Right_Y_Symmetry_Angle.svg",2,21,"1: male",NA,"Ysym","Shape","right","Y-Refl."
"805NwXI2mC51",9,"1: I confirm","1: I will take it seriously","right","img/Right_Y_Symmetry_Angle.svg",0,27,"1: male","n/a","not-Ysym","Shape","right","Not-Y-Refl."
"8ErDDryJN1wp",9,"1: I confirm","1: I will take it seriously","right","img/Right_Y_Symmetry_Angle.svg",0,63,"2: female","No errors","not-Ysym","Shape","right","Not-Y-Refl."
"ALGENfvZZBs8",9,"1: I confirm","1: I will take it seriously","right","img/Right_Y_Symmetry_Angle.svg",0,27,"2: female","n/a","not-Ysym","Shape","right","Not-Y-Refl."
"BRSOCLIYU1wi",9,"1: I confirm","1: I will take it seriously","right","img/Right_Y_Symmetry_Angle.svg",1,48,"1: male",NA,"None","Shape","right","None"
"BzpUA3fikJF6",9,"1: I confirm","1: I will take it seriously","right","img/Right_Y_Symmetry_Angle.svg",0,61,"2: female","no issues","not-Ysym","Shape","right","Not-Y-Refl."
"EVW0eXV2XQ2o",9,"1: I confirm","1: I will take it seriously","right","img/Right_Y_Symmetry_Angle.svg",0,29,"1: male","None, or least nothing that raised issue","not-Ysym","Shape","right","Not-Y-Refl."
"F8P8Kxj6mQBp",9,"1: I confirm","1: I will take it seriously","right","img/Right_Y_Symmetry_Angle.svg",1,27,"1: male","No errors","None","Shape","right","None"
"FNGwpohRM8nM",9,"1: I confirm","1: I will take it seriously","right","img/Right_Y_Symmetry_Angle.svg",0,37,"2: female","None","not-Ysym","Shape","right","Not-Y-Refl."
"IO6dS6qqg3Ts",9,"1: I confirm","1: I will take it seriously","right","img/Right_Y_Symmetry_Angle.svg",0,51,"2: female","none","not-Ysym","Shape","right","Not-Y-Refl."
"IObA2w8bcV4d",9,"1: I confirm","1: I will take it seriously","right","img/Right_Y_Symmetry_Angle.svg",0,60,"1: male","None","not-Ysym","Shape","right","Not-Y-Refl."
"JYyZLZFud4Di",9,"1: I confirm","1: I will take it seriously","right","img/Right_Y_Symmetry_Angle.svg",1,42,"2: female",NA,"None","Shape","right","None"
"JpQVjytn6Tz4",9,"1: I confirm","1: I will take it seriously","right","img/Right_Y_Symmetry_Angle.svg",0,24,"2: female","I found no errors!","not-Ysym","Shape","right","Not-Y-Refl."
"KOaE6gpjIlRV",9,"1: I confirm","1: I will take it seriously","right","img/Right_Y_Symmetry_Angle.svg",0,23,"1: male","N/A","not-Ysym","Shape","right","Not-Y-Refl."
"O2TaOj9oyiWJ",9,"1: I confirm","1: I will take it seriously","right","img/Right_Y_Symmetry_Angle.svg",0,34,"1: male",NA,"not-Ysym","Shape","right","Not-Y-Refl."
"TbyemtOfMIYk",9,"1: I confirm","1: I will take it seriously","right","img/Right_Y_Symmetry_Angle.svg",0,21,"1: male",NA,"not-Ysym","Shape","right","Not-Y-Refl."
"UbUpVIRsUFqu",9,"1: I confirm","1: I will take it seriously","right","img/Right_Y_Symmetry_Angle.svg",0,55,"2: female",NA,"not-Ysym","Shape","right","Not-Y-Refl."
"WK5o8XqTBEZ9",9,"1: I confirm","1: I will take it seriously","right","img/Right_Y_Symmetry_Angle.svg",2,57,"2: female",NA,"Ysym","Shape","right","Y-Refl."
"XTkK5RpobqZR",9,"1: I confirm","1: I will take it seriously","right","img/Right_Y_Symmetry_Angle.svg",1,39,"1: male",NA,"None","Shape","right","None"
"bAswRste0FYI",9,"1: I confirm","1: I will take it seriously","right","img/Right_Y_Symmetry_Angle.svg",0,50,"2: female",NA,"not-Ysym","Shape","right","Not-Y-Refl."
"jXYW6vTUk6gq",9,"1: I confirm","1: I will take it seriously","right","img/Right_Y_Symmetry_Angle.svg",0,24,"2: female",NA,"not-Ysym","Shape","right","Not-Y-Refl."
"jacqasjXIpbl",9,"1: I confirm","1: I will take it seriously","right","img/Right_Y_Symmetry_Angle.svg",0,48,"1: male",NA,"not-Ysym","Shape","right","Not-Y-Refl."
"kKyoBGlmYdwx",9,"1: I confirm","1: I will take it seriously","right","img/Right_Y_Symmetry_Angle.svg",1,33,"2: female","none","None","Shape","right","None"
"kz9PiFVQubar",9,"1: I confirm","1: I will take it seriously","right","img/Right_Y_Symmetry_Angle.svg",0,24,"2: female",NA,"not-Ysym","Shape","right","Not-Y-Refl."
"lfp4qOfBedRb",9,"1: I confirm","1: I will take it seriously","right","img/Right_Y_Symmetry_Angle.svg",1,31,"1: male",NA,"None","Shape","right","None"
"o0vINup9v4R5",9,"1: I confirm","1: I will take it seriously","right","img/Right_Y_Symmetry_Angle.svg",0,48,"1: male","No errors detected.","not-Ysym","Shape","right","Not-Y-Refl."
"p6mlXTxLjgk1",9,"1: I confirm","1: I will take it seriously","right","img/Right_Y_Symmetry_Angle.svg",2,42,"1: male",NA,"Ysym","Shape","right","Y-Refl."
"tnTsWou8JIhV",9,"1: I confirm","1: I will take it seriously","right","img/Right_Y_Symmetry_Angle.svg",1,41,"1: male","I didn't notice any errors.","None","Shape","right","None"
"uqZGwLdD17UN",9,"1: I confirm","1: I will take it seriously","right","img/Right_Y_Symmetry_Angle.svg",0,37,"2: female","none","not-Ysym","Shape","right","Not-Y-Refl."
"02WFQe2XxWM7",10,"1: I confirm","1: I will take it seriously","right","img/Right_Y_Symmetry_X_Rotation.svg",1,42,"1: male",NA,"None","90-Rot.","right","None"
"0oe84UUyFnEQ",10,"1: I confirm","1: I will take it seriously","right","img/Right_Y_Symmetry_X_Rotation.svg",2,30,"1: male","no","Ysym","90-Rot.","right","Y-Refl."
"2KNOfmHqAYJa",10,"1: I confirm","1: I will take it seriously","right","img/Right_Y_Symmetry_X_Rotation.svg",1,42,"1: male",NA,"None","90-Rot.","right","None"
"4khDIJuFJIQa",10,"1: I confirm","1: I will take it seriously","right","img/Right_Y_Symmetry_X_Rotation.svg",0,39,"1: male","n/a","not-Ysym","90-Rot.","right","Not-Y-Refl."
"5xvkrfWckBPE",10,"1: I confirm","1: I will take it seriously","right","img/Right_Y_Symmetry_X_Rotation.svg",2,50,"1: male",NA,"Ysym","90-Rot.","right","Y-Refl."
"7eDQXmfuvL8W",10,"1: I confirm","1: I will take it seriously","right","img/Right_Y_Symmetry_X_Rotation.svg",2,36,"2: female",NA,"Ysym","90-Rot.","right","Y-Refl."
"CTAVRHFTCtcj",10,"1: I confirm","1: I will take it seriously","right","img/Right_Y_Symmetry_X_Rotation.svg",1,21,"1: male","none","None","90-Rot.","right","None"
"DXJmHaDEyyeC",10,"1: I confirm","1: I will take it seriously","right","img/Right_Y_Symmetry_X_Rotation.svg",0,31,"2: female",NA,"not-Ysym","90-Rot.","right","Not-Y-Refl."
"DjP4jc1aV8Od",10,"1: I confirm","1: I will take it seriously","right","img/Right_Y_Symmetry_X_Rotation.svg",0,25,"1: male",NA,"not-Ysym","90-Rot.","right","Not-Y-Refl."
"Dw8i1ZPkHu2T",10,"1: I confirm","1: I will take it seriously","right","img/Right_Y_Symmetry_X_Rotation.svg",2,63,"2: female",NA,"Ysym","90-Rot.","right","Y-Refl."
"HiWsW4t4U4jD",10,"1: I confirm","1: I will take it seriously","right","img/Right_Y_Symmetry_X_Rotation.svg",0,23,"2: female",NA,"not-Ysym","90-Rot.","right","Not-Y-Refl."
"KB7osCbmrazk",10,"1: I confirm","1: I will take it seriously","right","img/Right_Y_Symmetry_X_Rotation.svg",0,37,"1: male",NA,"not-Ysym","90-Rot.","right","Not-Y-Refl."
"KxJTXtO9taKX",10,"1: I confirm","1: I will take it seriously","right","img/Right_Y_Symmetry_X_Rotation.svg",1,63,"1: male",NA,"None","90-Rot.","right","None"
"LZtffGzMBpRW",10,"1: I confirm","1: I will take it seriously","right","img/Right_Y_Symmetry_X_Rotation.svg",1,28,"1: male",NA,"None","90-Rot.","right","None"
"R64y3KYQJH4A",10,"1: I confirm","1: I will take it seriously","right","img/Right_Y_Symmetry_X_Rotation.svg",0,62,"2: female",NA,"not-Ysym","90-Rot.","right","Not-Y-Refl."
"RlPyJSdqT7m4",10,"1: I confirm","1: I will take it seriously","right","img/Right_Y_Symmetry_X_Rotation.svg",0,27,"1: male",NA,"not-Ysym","90-Rot.","right","Not-Y-Refl."
"SoRBzR3imnf8",10,"1: I confirm","1: I will take it seriously","right","img/Right_Y_Symmetry_X_Rotation.svg",0,24,"2: female",NA,"not-Ysym","90-Rot.","right","Not-Y-Refl."
"ZHOxL0wei1AU",10,"1: I confirm","1: I will take it seriously","right","img/Right_Y_Symmetry_X_Rotation.svg",1,54,"1: male",NA,"None","90-Rot.","right","None"
"a43G9MkhYGEh",10,"1: I confirm","1: I will take it seriously","right","img/Right_Y_Symmetry_X_Rotation.svg",2,54,"1: male",NA,"Ysym","90-Rot.","right","Y-Refl."
"cAdDQlAJHxVn",10,"1: I confirm","1: I will take it seriously","right","img/Right_Y_Symmetry_X_Rotation.svg",0,19,"2: female",NA,"not-Ysym","90-Rot.","right","Not-Y-Refl."
"k7d9Q1XJV86o",10,"1: I confirm","1: I will take it seriously","right","img/Right_Y_Symmetry_X_Rotation.svg",0,22,"1: male","All was okay my end!
","not-Ysym","90-Rot.","right","Not-Y-Refl."
"lLjQ0MR7KBqF",10,"1: I confirm","1: I will take it seriously","right","img/Right_Y_Symmetry_X_Rotation.svg",0,35,"1: male",NA,"not-Ysym","90-Rot.","right","Not-Y-Refl."
"mBHo4xz1h5FL",10,"1: I confirm","1: I will take it seriously","right","img/Right_Y_Symmetry_X_Rotation.svg",0,30,"2: female","the robot graphics didn't initially appear until I clicked the page next to the image or switched tabs. They loaded in fine, but didn't show up at first (I completed the study without issues, I could see the blue/green robot arms and black triangles and wheels etc)","not-Ysym","90-Rot.","right","Not-Y-Refl."
"mlcAYRHBJ3Z9",10,"1: I confirm","1: I will take it seriously","right","img/Right_Y_Symmetry_X_Rotation.svg",0,26,"1: male",NA,"not-Ysym","90-Rot.","right","Not-Y-Refl."
"moxSZaGiuuj6",10,"1: I confirm","1: I will take it seriously","right","img/Right_Y_Symmetry_X_Rotation.svg",1,52,"1: male",NA,"None","90-Rot.","right","None"
"oQNb1pYipwIt",10,"1: I confirm","1: I will take it seriously","right","img/Right_Y_Symmetry_X_Rotation.svg",0,25,"2: female","no errors","not-Ysym","90-Rot.","right","Not-Y-Refl."
"tboyHcVwk7cg",10,"1: I confirm","1: I will take it seriously","right","img/Right_Y_Symmetry_X_Rotation.svg",0,68,"2: female",NA,"not-Ysym","90-Rot.","right","Not-Y-Refl."
"yk9VsKkzKL48",10,"1: I confirm","1: I will take it seriously","right","img/Right_Y_Symmetry_X_Rotation.svg",1,46,"2: female","no errors at all","None","90-Rot.","right","None"
"zX4IAGzSgYWu",10,"1: I confirm","1: I will take it seriously","right","img/Right_Y_Symmetry_X_Rotation.svg",0,55,"2: female","all went well","not-Ysym","90-Rot.","right","Not-Y-Refl."
"zXZl1VBaMFNJ",10,"1: I confirm","1: I will take it seriously","right","img/Right_Y_Symmetry_X_Rotation.svg",1,52,"1: male",NA,"None","90-Rot.","right","None"
"0wq0nrusmtyX",11,"1: I confirm","1: I will take it seriously","right","img/Right_Y_Symmetry_X_Rotation_180.svg",1,46,"2: female",NA,"None","180-Rot.","right","None"
"4XcALj2tkOnj",11,"1: I confirm","1: I will take it seriously","right","img/Right_Y_Symmetry_X_Rotation_180.svg",1,48,"1: male","none","None","180-Rot.","right","None"
"5wD22tVZCxqC",11,"1: I confirm","1: I will take it seriously","right","img/Right_Y_Symmetry_X_Rotation_180.svg",0,34,"1: male",NA,"not-Ysym","180-Rot.","right","Not-Y-Refl."
"7ZnnniEs1QA5",11,"1: I confirm","1: I will take it seriously","right","img/Right_Y_Symmetry_X_Rotation_180.svg",0,38,"2: female",NA,"not-Ysym","180-Rot.","right","Not-Y-Refl."
"90PkiqFjUDpa",11,"1: I confirm","1: I will take it seriously","right","img/Right_Y_Symmetry_X_Rotation_180.svg",1,49,"1: male","None","None","180-Rot.","right","None"
"BbvDJtDnbDLY",11,"1: I confirm","1: I will take it seriously","right","img/Right_Y_Symmetry_X_Rotation_180.svg",0,23,"1: male",NA,"not-Ysym","180-Rot.","right","Not-Y-Refl."
"BzRtElE29Aa3",11,"1: I confirm","1: I will take it seriously","right","img/Right_Y_Symmetry_X_Rotation_180.svg",0,30,"1: male",NA,"not-Ysym","180-Rot.","right","Not-Y-Refl."
"CQg1hrI1iWmw",11,"1: I confirm","1: I will take it seriously","right","img/Right_Y_Symmetry_X_Rotation_180.svg",2,26,"1: male",NA,"Ysym","180-Rot.","right","Y-Refl."
"Ee96si96rPlH",11,"1: I confirm","1: I will take it seriously","right","img/Right_Y_Symmetry_X_Rotation_180.svg",0,27,"1: male",NA,"not-Ysym","180-Rot.","right","Not-Y-Refl."
"FGmAYhGXrNbs",11,"1: I confirm","1: I will take it seriously","right","img/Right_Y_Symmetry_X_Rotation_180.svg",0,24,"2: female",NA,"not-Ysym","180-Rot.","right","Not-Y-Refl."
"Ga7cMlMGhPPO",11,"1: I confirm","1: I will take it seriously","right","img/Right_Y_Symmetry_X_Rotation_180.svg",1,53,"1: male",NA,"None","180-Rot.","right","None"
"H0pbuJozLVJG",11,"1: I confirm","1: I will take it seriously","right","img/Right_Y_Symmetry_X_Rotation_180.svg",2,38,"1: male",NA,"Ysym","180-Rot.","right","Y-Refl."
"MRFNkndCukXW",11,"1: I confirm","1: I will take it seriously","right","img/Right_Y_Symmetry_X_Rotation_180.svg",0,36,"1: male","None","not-Ysym","180-Rot.","right","Not-Y-Refl."
"Nbh8nirP1j0a",11,"1: I confirm","1: I will take it seriously","right","img/Right_Y_Symmetry_X_Rotation_180.svg",0,55,"1: male",NA,"not-Ysym","180-Rot.","right","Not-Y-Refl."
"P05ZBNPsjXPk",11,"1: I confirm","1: I will take it seriously","right","img/Right_Y_Symmetry_X_Rotation_180.svg",0,28,"1: male",NA,"not-Ysym","180-Rot.","right","Not-Y-Refl."
"QVcxbmuwdwrW",11,"1: I confirm","1: I will take it seriously","right","img/Right_Y_Symmetry_X_Rotation_180.svg",0,27,"1: male",NA,"not-Ysym","180-Rot.","right","Not-Y-Refl."
"RZxo5atngVJ4",11,"1: I confirm","1: I will take it seriously","right","img/Right_Y_Symmetry_X_Rotation_180.svg",1,28,"1: male",NA,"None","180-Rot.","right","None"
"ST0T0eTr0jEt",11,"1: I confirm","1: I will take it seriously","right","img/Right_Y_Symmetry_X_Rotation_180.svg",1,18,"1: male",NA,"None","180-Rot.","right","None"
"TwJv4GENIlLE",11,"1: I confirm","1: I will take it seriously","right","img/Right_Y_Symmetry_X_Rotation_180.svg",1,61,"2: female","none","None","180-Rot.","right","None"
"UONRRwbresNz",11,"1: I confirm","1: I will take it seriously","right","img/Right_Y_Symmetry_X_Rotation_180.svg",0,46,"2: female",NA,"not-Ysym","180-Rot.","right","Not-Y-Refl."
"USvdu6yCoBO3",11,"1: I confirm","1: I will take it seriously","right","img/Right_Y_Symmetry_X_Rotation_180.svg",2,29,"2: female","none","Ysym","180-Rot.","right","Y-Refl."
"UUrgFaveSScq",11,"1: I confirm","1: I will take it seriously","right","img/Right_Y_Symmetry_X_Rotation_180.svg",0,33,"1: male",NA,"not-Ysym","180-Rot.","right","Not-Y-Refl."
"V2dxSxojUgjD",11,"1: I confirm","1: I will take it seriously","right","img/Right_Y_Symmetry_X_Rotation_180.svg",0,61,"2: female",NA,"not-Ysym","180-Rot.","right","Not-Y-Refl."
"ZMmwiiCLR8WE",11,"1: I confirm","1: I will take it seriously","right","img/Right_Y_Symmetry_X_Rotation_180.svg",1,57,"2: female","All seemed fine, although a couple of the pictures took a slightly longer time to load","None","180-Rot.","right","None"
"aA3dJCk6aJB5",11,"1: I confirm","1: I will take it seriously","right","img/Right_Y_Symmetry_X_Rotation_180.svg",0,34,"1: male","n/a","not-Ysym","180-Rot.","right","Not-Y-Refl."
"afzDufTrDiFY",11,"1: I confirm","1: I will take it seriously","right","img/Right_Y_Symmetry_X_Rotation_180.svg",0,32,"2: female","None","not-Ysym","180-Rot.","right","Not-Y-Refl."
"bGrZXSNenIlK",11,"1: I confirm","1: I will take it seriously","right","img/Right_Y_Symmetry_X_Rotation_180.svg",0,70,"1: male",NA,"not-Ysym","180-Rot.","right","Not-Y-Refl."
"eG0ETQ8oXjxc",11,"1: I confirm","1: I will take it seriously","right","img/Right_Y_Symmetry_X_Rotation_180.svg",0,25,"1: male",NA,"not-Ysym","180-Rot.","right","Not-Y-Refl."
"v1V86WNoTddv",11,"1: I confirm","1: I will take it seriously","right","img/Right_Y_Symmetry_X_Rotation_180.svg",0,42,"1: male",NA,"not-Ysym","180-Rot.","right","Not-Y-Refl."
"vOTCfc5P7IDS",11,"1: I confirm","1: I will take it seriously","right","img/Right_Y_Symmetry_X_Rotation_180.svg",0,39,"1: male","None, all worked fine. It was interesting, thanks!","not-Ysym","180-Rot.","right","Not-Y-Refl."
"10A1aApuC5HM",12,"1: I confirm","1: I will take it seriously","right","img/Right_Y_Symmetry_X_Symmetry.svg",0,20,"4: prefer not to say",NA,"not-Ysym","X-Refl.","right","Not-Y-Refl."
"10xNjFT66Rh1",12,"1: I confirm","1: I will take it seriously","right","img/Right_Y_Symmetry_X_Symmetry.svg",1,43,"1: male",NA,"None","X-Refl.","right","None"
"2PrYLqqq9f9f",12,"1: I confirm","1: I will take it seriously","right","img/Right_Y_Symmetry_X_Symmetry.svg",0,35,"1: male",NA,"not-Ysym","X-Refl.","right","Not-Y-Refl."
"2zbrDHayLmpP",12,"1: I confirm","1: I will take it seriously","right","img/Right_Y_Symmetry_X_Symmetry.svg",0,22,"1: male","No issues, and everything was clear. Potential change could be, instead of saying ""rather the left/right"" just leave it as ""left/right"". To me the ""rather"" felt a bit unnecessary. Otherwise an interesting scenario.","not-Ysym","X-Refl.","right","Not-Y-Refl."
"54Ga4Nrg8Flv",12,"1: I confirm","1: I will take it seriously","right","img/Right_Y_Symmetry_X_Symmetry.svg",2,27,"1: male",NA,"Ysym","X-Refl.","right","Y-Refl."
"5QpLyLjOmzeM",12,"1: I confirm","1: I will take it seriously","right","img/Right_Y_Symmetry_X_Symmetry.svg",1,27,"2: female",NA,"None","X-Refl.","right","None"
"748hALeB4LXk",12,"1: I confirm","1: I will take it seriously","right","img/Right_Y_Symmetry_X_Symmetry.svg",1,52,"2: female",NA,"None","X-Refl.","right","None"
"FREtd1B069LP",12,"1: I confirm","1: I will take it seriously","right","img/Right_Y_Symmetry_X_Symmetry.svg",0,22,"1: male",NA,"not-Ysym","X-Refl.","right","Not-Y-Refl."
"KbaNyF5L3B2n",12,"1: I confirm","1: I will take it seriously","right","img/Right_Y_Symmetry_X_Symmetry.svg",0,42,"1: male","None","not-Ysym","X-Refl.","right","Not-Y-Refl."
"OEizOjQXpS55",12,"1: I confirm","1: I will take it seriously","right","img/Right_Y_Symmetry_X_Symmetry.svg",0,50,"2: female",NA,"not-Ysym","X-Refl.","right","Not-Y-Refl."
"OGPIxATQYMcp",12,"1: I confirm","1: I will take it seriously","right","img/Right_Y_Symmetry_X_Symmetry.svg",2,25,"1: male",NA,"Ysym","X-Refl.","right","Y-Refl."
"PKBJlpb1inZr",12,"1: I confirm","1: I will take it seriously","right","img/Right_Y_Symmetry_X_Symmetry.svg",0,24,"2: female",NA,"not-Ysym","X-Refl.","right","Not-Y-Refl."
"SVSJ6Sb0e2dv",12,"1: I confirm","1: I will take it seriously","right","img/Right_Y_Symmetry_X_Symmetry.svg",1,59,"2: female",NA,"None","X-Refl.","right","None"
"T5bXHjvMODqW",12,"1: I confirm","1: I will take it seriously","right","img/Right_Y_Symmetry_X_Symmetry.svg",0,38,"1: male",NA,"not-Ysym","X-Refl.","right","Not-Y-Refl."
"TLMEG8SbsfHk",12,"1: I confirm","1: I will take it seriously","right","img/Right_Y_Symmetry_X_Symmetry.svg",0,30,"2: female","none.","not-Ysym","X-Refl.","right","Not-Y-Refl."
"UU3fGKmPsxWj",12,"1: I confirm","1: I will take it seriously","right","img/Right_Y_Symmetry_X_Symmetry.svg",0,30,"2: female","None.","not-Ysym","X-Refl.","right","Not-Y-Refl."
"W9MauGTC7OEs",12,"1: I confirm","1: I will take it seriously","right","img/Right_Y_Symmetry_X_Symmetry.svg",2,26,"1: male",NA,"Ysym","X-Refl.","right","Y-Refl."
"XOAnGLSLqbg5",12,"1: I confirm","1: I will take it seriously","right","img/Right_Y_Symmetry_X_Symmetry.svg",1,42,"2: female","none","None","X-Refl.","right","None"
"Y72Kfz0sg1oD",12,"1: I confirm","1: I will take it seriously","right","img/Right_Y_Symmetry_X_Symmetry.svg",0,21,"1: male",NA,"not-Ysym","X-Refl.","right","Not-Y-Refl."
"bPT1OEd2U8fF",12,"1: I confirm","1: I will take it seriously","right","img/Right_Y_Symmetry_X_Symmetry.svg",1,28,"1: male",NA,"None","X-Refl.","right","None"
"cXowqq8zT4D0",12,"1: I confirm","1: I will take it seriously","right","img/Right_Y_Symmetry_X_Symmetry.svg",0,29,"1: male","None.","not-Ysym","X-Refl.","right","Not-Y-Refl."
"e810yoLHdC6d",12,"1: I confirm","1: I will take it seriously","right","img/Right_Y_Symmetry_X_Symmetry.svg",0,32,"1: male",NA,"not-Ysym","X-Refl.","right","Not-Y-Refl."
"hyBe4B86YAR0",12,"1: I confirm","1: I will take it seriously","right","img/Right_Y_Symmetry_X_Symmetry.svg",0,26,"2: female",NA,"not-Ysym","X-Refl.","right","Not-Y-Refl."
"k6FyDdAelXdL",12,"1: I confirm","1: I will take it seriously","right","img/Right_Y_Symmetry_X_Symmetry.svg",1,32,"1: male","No problems.","None","X-Refl.","right","None"
"mW99LClCQ2iJ",12,"1: I confirm","1: I will take it seriously","right","img/Right_Y_Symmetry_X_Symmetry.svg",0,42,"1: male","None encountered.","not-Ysym","X-Refl.","right","Not-Y-Refl."
"wKMHH3H9kvjI",12,"1: I confirm","1: I will take it seriously","right","img/Right_Y_Symmetry_X_Symmetry.svg",2,23,"1: male",NA,"Ysym","X-Refl.","right","Y-Refl."
"wvVCmJFCZxcB",12,"1: I confirm","1: I will take it seriously","right","img/Right_Y_Symmetry_X_Symmetry.svg",0,49,"1: male",NA,"not-Ysym","X-Refl.","right","Not-Y-Refl."
"x8HYqbhMkqQN",12,"1: I confirm","1: I will take it seriously","right","img/Right_Y_Symmetry_X_Symmetry.svg",2,20,"2: female",NA,"Ysym","X-Refl.","right","Y-Refl."
"yNh7qhclmRMk",12,"1: I confirm","1: I will take it seriously","right","img/Right_Y_Symmetry_X_Symmetry.svg",1,37,"2: female",NA,"None","X-Refl.","right","None"
"za4pEHkmwOjN",12,"1: I confirm","1: I will take it seriously","right","img/Right_Y_Symmetry_X_Symmetry.svg",1,26,"1: male",NA,"None","X-Refl.","right","None"
"4bgGMXCJL6e5",13,"1: I confirm","1: I will take it seriously","right","img/Right_Y_Symmetry_Y_Translation.svg",2,33,"1: male",NA,"Ysym","Y-Tran.","right","Y-Refl."
"6sLxKrntxwit",13,"1: I confirm","1: I will take it seriously","right","img/Right_Y_Symmetry_Y_Translation.svg",0,33,"2: female","none","not-Ysym","Y-Tran.","right","Not-Y-Refl."
"8HqqUIKTrbZs",13,"1: I confirm","1: I will take it seriously","right","img/Right_Y_Symmetry_Y_Translation.svg",1,42,"1: male",NA,"None","Y-Tran.","right","None"
"8Tkru3DbSJ7R",13,"1: I confirm","1: I will take it seriously","right","img/Right_Y_Symmetry_Y_Translation.svg",0,29,"2: female",NA,"not-Ysym","Y-Tran.","right","Not-Y-Refl."
"BX7TVTFv7Xu5",13,"1: I confirm","1: I will take it seriously","right","img/Right_Y_Symmetry_Y_Translation.svg",1,40,"1: male",NA,"None","Y-Tran.","right","None"
"FuLkTLREYdKD",13,"1: I confirm","1: I will take it seriously","right","img/Right_Y_Symmetry_Y_Translation.svg",0,26,"1: male",NA,"not-Ysym","Y-Tran.","right","Not-Y-Refl."
"G0daChcgdMwo",13,"1: I confirm","1: I will take it seriously","right","img/Right_Y_Symmetry_Y_Translation.svg",2,65,"1: male",NA,"Ysym","Y-Tran.","right","Y-Refl."
"GsbNUtxi2nxK",13,"1: I confirm","1: I will take it seriously","right","img/Right_Y_Symmetry_Y_Translation.svg",1,40,"1: male","none","None","Y-Tran.","right","None"
"Jvc7zXgKbTVT",13,"1: I confirm","1: I will take it seriously","right","img/Right_Y_Symmetry_Y_Translation.svg",1,63,"2: female",NA,"None","Y-Tran.","right","None"
"KCQdF6Hij6TO",13,"1: I confirm","1: I will take it seriously","right","img/Right_Y_Symmetry_Y_Translation.svg",0,31,"1: male",NA,"not-Ysym","Y-Tran.","right","Not-Y-Refl."
"LtkUv2k4Ygng",13,"1: I confirm","1: I will take it seriously","right","img/Right_Y_Symmetry_Y_Translation.svg",2,41,"1: male",NA,"Ysym","Y-Tran.","right","Y-Refl."
"N8sWmyncXs39",13,"1: I confirm","1: I will take it seriously","right","img/Right_Y_Symmetry_Y_Translation.svg",0,21,"2: female",NA,"not-Ysym","Y-Tran.","right","Not-Y-Refl."
"O3hHgFXm6A44",13,"1: I confirm","1: I will take it seriously","right","img/Right_Y_Symmetry_Y_Translation.svg",2,20,"2: female","no problems for me","Ysym","Y-Tran.","right","Y-Refl."
"Ri9KD8sJwg0x",13,"1: I confirm","1: I will take it seriously","right","img/Right_Y_Symmetry_Y_Translation.svg",1,40,"2: female",NA,"None","Y-Tran.","right","None"
"TA2h9XmHlSvU",13,"1: I confirm","1: I will take it seriously","right","img/Right_Y_Symmetry_Y_Translation.svg",0,45,"2: female",NA,"not-Ysym","Y-Tran.","right","Not-Y-Refl."
"XU2nFTzrZbvL",13,"1: I confirm","1: I will take it seriously","right","img/Right_Y_Symmetry_Y_Translation.svg",2,28,"2: female",NA,"Ysym","Y-Tran.","right","Y-Refl."
"YXbcw0AVlEEs",13,"1: I confirm","1: I will take it seriously","right","img/Right_Y_Symmetry_Y_Translation.svg",1,57,"2: female","All good","None","Y-Tran.","right","None"
"Z7qd1FBo0Far",13,"1: I confirm","1: I will take it seriously","right","img/Right_Y_Symmetry_Y_Translation.svg",1,38,"1: male",NA,"None","Y-Tran.","right","None"
"ZaV9KoEOIOBN",13,"1: I confirm","1: I will take it seriously","right","img/Right_Y_Symmetry_Y_Translation.svg",1,20,"1: male","N/A","None","Y-Tran.","right","None"
"aI4FQDVJwgJy",13,"1: I confirm","1: I will take it seriously","right","img/Right_Y_Symmetry_Y_Translation.svg",1,37,"1: male",NA,"None","Y-Tran.","right","None"
"eVV9EYtWUFLo",13,"1: I confirm","1: I will take it seriously","right","img/Right_Y_Symmetry_Y_Translation.svg",1,22,"1: male",NA,"None","Y-Tran.","right","None"
"hU4npW51q6ZU",13,"1: I confirm","1: I will take it seriously","right","img/Right_Y_Symmetry_Y_Translation.svg",1,21,"2: female",NA,"None","Y-Tran.","right","None"
"mZ6vnls9Ucqw",13,"1: I confirm","1: I will take it seriously","right","img/Right_Y_Symmetry_Y_Translation.svg",2,61,"1: male","NONE","Ysym","Y-Tran.","right","Y-Refl."
"n7cWSy7s3AJH",13,"1: I confirm","1: I will take it seriously","right","img/Right_Y_Symmetry_Y_Translation.svg",1,23,"1: male",NA,"None","Y-Tran.","right","None"
"nhUGn1MyvQcN",13,"1: I confirm","1: I will take it seriously","right","img/Right_Y_Symmetry_Y_Translation.svg",2,31,"2: female",NA,"Ysym","Y-Tran.","right","Y-Refl."
"oci7EcUYT89N",13,"1: I confirm","1: I will take it seriously","right","img/Right_Y_Symmetry_Y_Translation.svg",0,31,"2: female",NA,"not-Ysym","Y-Tran.","right","Not-Y-Refl."
"pXOMBOLRxd39",13,"1: I confirm","1: I will take it seriously","right","img/Right_Y_Symmetry_Y_Translation.svg",2,36,"2: female","None","Ysym","Y-Tran.","right","Y-Refl."
"pssnYocNNw2M",13,"1: I confirm","1: I will take it seriously","right","img/Right_Y_Symmetry_Y_Translation.svg",0,18,"1: male",NA,"not-Ysym","Y-Tran.","right","Not-Y-Refl."
"rgHO9HdFp4vi",13,"1: I confirm","1: I will take it seriously","right","img/Right_Y_Symmetry_Y_Translation.svg",2,44,"1: male",NA,"Ysym","Y-Tran.","right","Y-Refl."
"rpUmRvbRIHIP",13,"1: I confirm","1: I will take it seriously","right","img/Right_Y_Symmetry_Y_Translation.svg",2,51,"1: male",NA,"Ysym","Y-Tran.","right","Y-Refl."
"0m7u8LxRYzgJ",14,"1: I confirm","1: I will take it seriously","right","img/Right_Y_Symmetry_X_Translation.svg",0,42,"1: male",NA,"not-Ysym","X-Tran.","right","Not-Y-Refl."
"1JYSMsZIXmnY",14,"1: I confirm","1: I will take it seriously","right","img/Right_Y_Symmetry_X_Translation.svg",0,26,"2: female","no","not-Ysym","X-Tran.","right","Not-Y-Refl."
"2HT9R8vISk6C",14,"1: I confirm","1: I will take it seriously","right","img/Right_Y_Symmetry_X_Translation.svg",2,48,"2: female","no issues to report","Ysym","X-Tran.","right","Y-Refl."
"2KYWPvm9GhdO",14,"1: I confirm","1: I will take it seriously","right","img/Right_Y_Symmetry_X_Translation.svg",1,19,"1: male",NA,"None","X-Tran.","right","None"
"3JnkGPYPEvuh",14,"1: I confirm","1: I will take it seriously","right","img/Right_Y_Symmetry_X_Translation.svg",1,29,"1: male",NA,"None","X-Tran.","right","None"
"5jnZbCz1bP6E",14,"1: I confirm","1: I will take it seriously","right","img/Right_Y_Symmetry_X_Translation.svg",2,27,"1: male","After the 1st section of the slide show, after I clicked ""continue"" an image flashed up that seemed relevant to the study, but then the 2nd slide appeared and it was gone. Not sure if this was an error or not.

Also, on the final slide, the slide I had to make a choice on, the images of the robot arms only popped into frame after a scrolled down to fully see the options, so I am not sure if there would have been any details that I missed on other slides that did not fully load, as happened on the last one.","Ysym","X-Tran.","right","Y-Refl."
"6Sn6vnooU2WW",14,"1: I confirm","1: I will take it seriously","right","img/Right_Y_Symmetry_X_Translation.svg",0,40,"1: male","None found","not-Ysym","X-Tran.","right","Not-Y-Refl."
"83GrIwCclb5l",14,"1: I confirm","1: I will take it seriously","right","img/Right_Y_Symmetry_X_Translation.svg",2,24,"2: female",NA,"Ysym","X-Tran.","right","Y-Refl."
"8KfWuh4BEyzE",14,"1: I confirm","1: I will take it seriously","right","img/Right_Y_Symmetry_X_Translation.svg",2,28,"1: male",NA,"Ysym","X-Tran.","right","Y-Refl."
"8iuwGq1wiSpk",14,"1: I confirm","1: I will take it seriously","right","img/Right_Y_Symmetry_X_Translation.svg",0,21,"2: female",NA,"not-Ysym","X-Tran.","right","Not-Y-Refl."
"AahNQKzB7hBG",14,"1: I confirm","1: I will take it seriously","right","img/Right_Y_Symmetry_X_Translation.svg",1,67,"1: male","no errors to report","None","X-Tran.","right","None"
"BFw4R3wmvfy4",14,"1: I confirm","1: I will take it seriously","right","img/Right_Y_Symmetry_X_Translation.svg",0,24,"1: male",NA,"not-Ysym","X-Tran.","right","Not-Y-Refl."
"ERouYgGXYfr5",14,"1: I confirm","1: I will take it seriously","right","img/Right_Y_Symmetry_X_Translation.svg",0,45,"2: female","No there were none at all except in one of the pictures the rover wasn't actually picking up the cup and didn't really show that where as you could see the other rover on the right picking it up correctly. Thank you","not-Ysym","X-Tran.","right","Not-Y-Refl."
"N8ypbtLK5Kx0",14,"1: I confirm","1: I will take it seriously","right","img/Right_Y_Symmetry_X_Translation.svg",0,33,"1: male",NA,"not-Ysym","X-Tran.","right","Not-Y-Refl."
"O0uEHfF7PJIX",14,"1: I confirm","1: I will take it seriously","right","img/Right_Y_Symmetry_X_Translation.svg",0,42,"1: male",NA,"not-Ysym","X-Tran.","right","Not-Y-Refl."
"PQM6x0ifm8iX",14,"1: I confirm","1: I will take it seriously","right","img/Right_Y_Symmetry_X_Translation.svg",1,40,"2: female",NA,"None","X-Tran.","right","None"
"X9HpWLS2Pg8h",14,"1: I confirm","1: I will take it seriously","right","img/Right_Y_Symmetry_X_Translation.svg",0,23,"2: female",NA,"not-Ysym","X-Tran.","right","Not-Y-Refl."
"YEk6aKL2GoCU",14,"1: I confirm","1: I will take it seriously","right","img/Right_Y_Symmetry_X_Translation.svg",0,45,"1: male",NA,"not-Ysym","X-Tran.","right","Not-Y-Refl."
"YiuVRu7AfVki",14,"1: I confirm","1: I will take it seriously","right","img/Right_Y_Symmetry_X_Translation.svg",1,65,"1: male","No errors, all clear and easy to understand, thank you.","None","X-Tran.","right","None"
"dP0mohqfRojU",14,"1: I confirm","1: I will take it seriously","right","img/Right_Y_Symmetry_X_Translation.svg",2,22,"1: male",NA,"Ysym","X-Tran.","right","Y-Refl."
"e3SSzcVXYd1U",14,"1: I confirm","1: I will take it seriously","right","img/Right_Y_Symmetry_X_Translation.svg",1,30,"1: male","N.A","None","X-Tran.","right","None"
"m2gzTDTd1HEd",14,"1: I confirm","1: I will take it seriously","right","img/Right_Y_Symmetry_X_Translation.svg",1,55,"1: male",NA,"None","X-Tran.","right","None"
"mhWTdJtF64w1",14,"1: I confirm","1: I will take it seriously","right","img/Right_Y_Symmetry_X_Translation.svg",2,19,"1: male",NA,"Ysym","X-Tran.","right","Y-Refl."
"nrJYVqNOQqT2",14,"1: I confirm","1: I will take it seriously","right","img/Right_Y_Symmetry_X_Translation.svg",1,58,"2: female","I encountered no problems that I could see","None","X-Tran.","right","None"
"nviaxkh7DSyD",14,"1: I confirm","1: I will take it seriously","right","img/Right_Y_Symmetry_X_Translation.svg",0,60,"2: female",NA,"not-Ysym","X-Tran.","right","Not-Y-Refl."
"pqKY8MPnVy4G",14,"1: I confirm","1: I will take it seriously","right","img/Right_Y_Symmetry_X_Translation.svg",1,54,"1: male",NA,"None","X-Tran.","right","None"
"qpLa87atzDNX",14,"1: I confirm","1: I will take it seriously","right","img/Right_Y_Symmetry_X_Translation.svg",0,70,"2: female",NA,"not-Ysym","X-Tran.","right","Not-Y-Refl."
"w3VWK6h37fMI",14,"1: I confirm","1: I will take it seriously","right","img/Right_Y_Symmetry_X_Translation.svg",2,58,"2: female",NA,"Ysym","X-Tran.","right","Y-Refl."
"xfchCTWPdE0E",14,"1: I confirm","1: I will take it seriously","right","img/Right_Y_Symmetry_X_Translation.svg",0,49,"2: female","not applicable","not-Ysym","X-Tran.","right","Not-Y-Refl."
"zibJ7xJf3LRk",14,"1: I confirm","1: I will take it seriously","right","img/Right_Y_Symmetry_X_Translation.svg",1,23,"1: male",NA,"None","X-Tran.","right","None"
