"subj_code","condition","trial_type","desktop_conf","attent_conf","Ysym_side","test_stimulus","dv_selection","age","gender","tech_issues","response","recorded_at","PROLIFIC_PID","dv_selection_rec"
"1uq2BIqBqYkl",1,"survey-likert","1: I confirm","1: I will take it seriously","left","img/Left_Y_Symmetry_Big.svg",2,37,"1: male",NA,"{""selection"":2}","2023-03-15 08:56:37","5a8367b9190420000155ec2a","not-Ysym"
"2su2f0XJdcLm",1,"survey-likert","1: I confirm","1: I will take it seriously","left","img/Left_Y_Symmetry_Big.svg",0,51,"2: female","none","{""selection"":0}","2023-03-14 13:00:43","55d0761e34e9060012e5782a","Ysym"
"7C1m1efMbt4z",1,"survey-likert","1: I confirm","1: I will take it seriously","left","img/Left_Y_Symmetry_Big.svg",2,40,"1: male",NA,"{""selection"":2}","2023-03-14 09:40:51","61030ea0fd598c32549577b8","not-Ysym"
"9OjzHbLmNldg",1,"survey-likert","1: I confirm","1: I will take it seriously","left","img/Left_Y_Symmetry_Big.svg",2,31,"2: female",NA,"{""selection"":2}","2023-03-14 12:54:59","5f735d195a302d06b07acf90","not-Ysym"
"9tIcWfWcY0DK",1,"survey-likert","1: I confirm","1: I will take it seriously","left","img/Left_Y_Symmetry_Big.svg",2,27,"2: female",NA,"{""selection"":2}","2023-03-14 13:04:57","5ecea5a34c72de2881faed9a","not-Ysym"
"Dh5LNAVlkFrr",1,"survey-likert","1: I confirm","1: I will take it seriously","left","img/Left_Y_Symmetry_Big.svg",2,33,"2: female",NA,"{""selection"":2}","2023-03-14 13:27:09","5dccf99db9d9049777368b3b","not-Ysym"
"DygwxIDHlJaS",1,"survey-likert","1: I confirm","1: I will take it seriously","left","img/Left_Y_Symmetry_Big.svg",2,31,"1: male",NA,"{""selection"":2}","2023-03-14 13:34:34","5fa154fd4cbe97227182aff7","not-Ysym"
"ERiYdTrfL3We",1,"survey-likert","1: I confirm","1: I will take it seriously","left","img/Left_Y_Symmetry_Big.svg",2,29,"1: male",NA,"{""selection"":2}","2023-03-14 11:52:26","6401cda2ab3271cfbd0dfec0","not-Ysym"
"K3SNdYZlZVL4",1,"survey-likert","1: I confirm","1: I will take it seriously","left","img/Left_Y_Symmetry_Big.svg",0,38,"1: male",NA,"{""selection"":0}","2023-03-15 09:45:38","6160c269ab2447fff5fd031a","Ysym"
"KowHWvjyR47Q",1,"survey-likert","1: I confirm","1: I will take it seriously","left","img/Left_Y_Symmetry_Big.svg",2,20,"2: female",NA,"{""selection"":2}","2023-03-14 11:52:48","62d5a363f7ec8db4e61877b9","not-Ysym"
"L5XpAB7uruFN",1,"survey-likert","1: I confirm","1: I will take it seriously","left","img/Left_Y_Symmetry_Big.svg",0,44,"1: male",NA,"{""selection"":0}","2023-03-15 08:56:24","5d68133c08c075001555aea7","Ysym"
"PNg7tlmXdgEp",1,"survey-likert","1: I confirm","1: I will take it seriously","left","img/Left_Y_Symmetry_Big.svg",2,46,"1: male",NA,"{""selection"":2}","2023-03-15 09:46:04","6310abc5b4e10681057997de","not-Ysym"
"QHj7JGDJCDEd",1,"survey-likert","1: I confirm","1: I will take it seriously","left","img/Left_Y_Symmetry_Big.svg",2,20,"2: female",NA,"{""selection"":2}","2023-03-15 09:45:32","60fd22ef03d1122978f392c0","not-Ysym"
"VU3UkkxnQ3HQ",1,"survey-likert","1: I confirm","1: I will take it seriously","left","img/Left_Y_Symmetry_Big.svg",2,31,"2: female",NA,"{""selection"":2}","2023-03-14 09:24:12","5f215514c406832b8e37c573","not-Ysym"
"VsDSBobqDA4U",1,"survey-likert","1: I confirm","1: I will take it seriously","left","img/Left_Y_Symmetry_Big.svg",2,24,"1: male",NA,"{""selection"":2}","2023-03-15 12:06:51","5ef7c6094ffead5091899f98","not-Ysym"
"WG8IQMI1eFiy",1,"survey-likert","1: I confirm","1: I will take it seriously","left","img/Left_Y_Symmetry_Big.svg",2,25,"1: male",NA,"{""selection"":2}","2023-03-14 09:41:18","60a3304ffb8cf482f8d11b6f","not-Ysym"
"XMcMdUAmBagz",1,"survey-likert","1: I confirm","1: I will take it seriously","left","img/Left_Y_Symmetry_Big.svg",2,52,"2: female",NA,"{""selection"":2}","2023-03-15 08:57:12","63b560544aa363d8ab6af7fb","not-Ysym"
"XtA1zVbhAtyO",1,"survey-likert","1: I confirm","1: I will take it seriously","left","img/Left_Y_Symmetry_Big.svg",2,38,"1: male",NA,"{""selection"":2}","2023-03-14 13:27:33","63198b5a2924a7e3262e0feb","not-Ysym"
"ZoByICTnPgLk",1,"survey-likert","1: I confirm","1: I will take it seriously","left","img/Left_Y_Symmetry_Big.svg",1,28,"2: female","none","{""selection"":1}","2023-03-14 12:55:23","5f45f6591d2bed2170be6c38","None"
"g7DL2iMR6AcR",1,"survey-likert","1: I confirm","1: I will take it seriously","left","img/Left_Y_Symmetry_Big.svg",2,42,"2: female","none","{""selection"":2}","2023-03-14 13:28:07","60a5404314ae1a9d5b88565d","not-Ysym"
"h5XaZT4o4ZJJ",1,"survey-likert","1: I confirm","1: I will take it seriously","left","img/Left_Y_Symmetry_Big.svg",2,35,"1: male",NA,"{""selection"":2}","2023-03-14 13:02:28","5c119770d47b0000014994aa","not-Ysym"
"hIw96jM82foZ",1,"survey-likert","1: I confirm","1: I will take it seriously","left","img/Left_Y_Symmetry_Big.svg",2,63,"2: female",NA,"{""selection"":2}","2023-03-14 13:27:23","5b100cb0a3553300017541c8","not-Ysym"
"k8uxFmrSIdC6",1,"survey-likert","1: I confirm","1: I will take it seriously","left","img/Left_Y_Symmetry_Big.svg",2,24,"1: male",NA,"{""selection"":2}","2023-03-15 12:06:28","5f4412624052727181839e3a","not-Ysym"
"mctMTYRv8ibh",1,"survey-likert","1: I confirm","1: I will take it seriously","left","img/Left_Y_Symmetry_Big.svg",2,38,"2: female",NA,"{""selection"":2}","2023-03-15 11:45:10","5cf6ee10d5478e0001da72bd","not-Ysym"
"mdHjU5eJkVhx",1,"survey-likert","1: I confirm","1: I will take it seriously","left","img/Left_Y_Symmetry_Big.svg",0,33,"1: male",NA,"{""selection"":0}","2023-03-14 09:38:47","5f58b0c5273d87033903dbe6","Ysym"
"nbWMTKN6AFrP",1,"survey-likert","1: I confirm","1: I will take it seriously","left","img/Left_Y_Symmetry_Big.svg",2,48,"2: female",NA,"{""selection"":2}","2023-03-14 11:52:05","5c5865627607d00001432199","not-Ysym"
"olJ5iOhK9RIM",1,"survey-likert","1: I confirm","1: I will take it seriously","left","img/Left_Y_Symmetry_Big.svg",2,36,"1: male",NA,"{""selection"":2}","2023-03-14 09:40:03","60036f93535f9a442ef25df9","not-Ysym"
"qHCvaHfQNrNq",1,"survey-likert","1: I confirm","1: I will take it seriously","left","img/Left_Y_Symmetry_Big.svg",2,27,"1: male",NA,"{""selection"":2}","2023-03-15 08:56:48","63cfef2a906cd8307419602c","not-Ysym"
"rTZWSCrFUF2N",1,"survey-likert","1: I confirm","1: I will take it seriously","left","img/Left_Y_Symmetry_Big.svg",2,30,"1: male",NA,"{""selection"":2}","2023-03-15 09:45:42","608d247fc141c8230ce3ebdc","not-Ysym"
"v6QlmFb5SjpW",1,"survey-likert","1: I confirm","1: I will take it seriously","left","img/Left_Y_Symmetry_Big.svg",2,25,"2: female",NA,"{""selection"":2}","2023-03-14 11:52:23","6303b06e6c5c25b452b2d1e3","not-Ysym"
"5oQyyY8XKZJy",2,"survey-likert","1: I confirm","1: I will take it seriously","left","img/Left_Y_Symmetry_Angle.svg",2,57,"1: male",NA,"{""selection"":2}","2023-03-15 09:06:10","585d139a460cb5000183f705","not-Ysym"
"AN53wwyU6Wny",2,"survey-likert","1: I confirm","1: I will take it seriously","left","img/Left_Y_Symmetry_Angle.svg",2,26,"2: female","None","{""selection"":2}","2023-03-14 11:52:40","5ec7e258f052ac26af7aafc5","not-Ysym"
"B7b8ZuEdnn1r",2,"survey-likert","1: I confirm","1: I will take it seriously","left","img/Left_Y_Symmetry_Angle.svg",2,40,"1: male",NA,"{""selection"":2}","2023-03-15 09:45:38","6400ddd5862feacb5794750b","not-Ysym"
"EWJzPVRBT11m",2,"survey-likert","1: I confirm","1: I will take it seriously","left","img/Left_Y_Symmetry_Angle.svg",2,22,"1: male",NA,"{""selection"":2}","2023-03-14 12:57:20","5fb1e0765b6df1739e8c5bd2","not-Ysym"
"FB1exVnnaB7p",2,"survey-likert","1: I confirm","1: I will take it seriously","left","img/Left_Y_Symmetry_Angle.svg",2,55,"2: female","No error noticed.","{""selection"":2}","2023-03-14 13:27:24","6114669013dad4c4edfa689c","not-Ysym"
"I43KnbyItSaX",2,"survey-likert","1: I confirm","1: I will take it seriously","left","img/Left_Y_Symmetry_Angle.svg",2,31,"2: female","N/A","{""selection"":2}","2023-03-15 08:56:58","63d048f601a299dd2bac725e","not-Ysym"
"KH2vg2Xa2btu",2,"survey-likert","1: I confirm","1: I will take it seriously","left","img/Left_Y_Symmetry_Angle.svg",0,62,"1: male",NA,"{""selection"":0}","2023-03-15 12:08:03","5ea96886ef7ece0604eee527","Ysym"
"LRnj37icMiRV",2,"survey-likert","1: I confirm","1: I will take it seriously","left","img/Left_Y_Symmetry_Angle.svg",2,62,"1: male",NA,"{""selection"":2}","2023-03-15 08:56:53","5af578683aba4900015ec37a","not-Ysym"
"MaGSNsEPzmGI",2,"survey-likert","1: I confirm","1: I will take it seriously","left","img/Left_Y_Symmetry_Angle.svg",2,60,"2: female",NA,"{""selection"":2}","2023-03-14 11:52:37","5e1f3d570e12222708fae5ce","not-Ysym"
"RSD9MUHrOi68",2,"survey-likert","1: I confirm","1: I will take it seriously","left","img/Left_Y_Symmetry_Angle.svg",2,42,"1: male",NA,"{""selection"":2}","2023-03-14 13:13:11","5bfd667f1fe1e50001406d4c","not-Ysym"
"TD6Wh9WnEUHN",2,"survey-likert","1: I confirm","1: I will take it seriously","left","img/Left_Y_Symmetry_Angle.svg",2,61,"1: male",NA,"{""selection"":2}","2023-03-14 12:59:37","5ea061b3e5a982017ad3085c","not-Ysym"
"YVaWLooOdMFP",2,"survey-likert","1: I confirm","1: I will take it seriously","left","img/Left_Y_Symmetry_Angle.svg",2,57,"2: female",NA,"{""selection"":2}","2023-03-15 12:07:55","63f77af1dc674d2d42bb362d","not-Ysym"
"c5rnQcnXYMYZ",2,"survey-likert","1: I confirm","1: I will take it seriously","left","img/Left_Y_Symmetry_Angle.svg",2,28,"1: male","no errors","{""selection"":2}","2023-03-14 09:40:33","5feccdbdc92395ec2cc2a4a0","not-Ysym"
"iN60z0YYFGgi",2,"survey-likert","1: I confirm","1: I will take it seriously","left","img/Left_Y_Symmetry_Angle.svg",2,28,"2: female",NA,"{""selection"":2}","2023-03-14 13:27:51","5ba1116401a2c7000196d67c","not-Ysym"
"jCObXTSk6Wka",2,"survey-likert","1: I confirm","1: I will take it seriously","left","img/Left_Y_Symmetry_Angle.svg",2,34,"1: male","All seemed fine","{""selection"":2}","2023-03-14 11:53:01","5d6807006ec29b0001f8bed2","not-Ysym"
"kYkVELz9v0PW",2,"survey-likert","1: I confirm","1: I will take it seriously","left","img/Left_Y_Symmetry_Angle.svg",2,39,"2: female",NA,"{""selection"":2}","2023-03-14 11:52:18","588a4cbb670d6600012bd509","not-Ysym"
"kniLQLqOH46J",2,"survey-likert","1: I confirm","1: I will take it seriously","left","img/Left_Y_Symmetry_Angle.svg",2,37,"1: male","no issues","{""selection"":2}","2023-03-14 09:25:05","5ca29ee193d3840001f6499a","not-Ysym"
"l0QxksZkbNwO",2,"survey-likert","1: I confirm","1: I will take it seriously","left","img/Left_Y_Symmetry_Angle.svg",1,53,"1: male","None","{""selection"":1}","2023-03-15 08:56:40","636cc5fa559ec4d93e272972","None"
"l48Skh863dIV",2,"survey-likert","1: I confirm","1: I will take it seriously","left","img/Left_Y_Symmetry_Angle.svg",2,22,"2: female",NA,"{""selection"":2}","2023-03-15 11:45:18","5f105b47d36c8701ec112317","not-Ysym"
"o3fZR7qHSgj3",2,"survey-likert","1: I confirm","1: I will take it seriously","left","img/Left_Y_Symmetry_Angle.svg",2,50,"1: male","none","{""selection"":2}","2023-03-14 13:04:47","6116c9e9f3490c79002fda6e","not-Ysym"
"pFV6lI2sshk6",2,"survey-likert","1: I confirm","1: I will take it seriously","left","img/Left_Y_Symmetry_Angle.svg",2,30,"1: male",NA,"{""selection"":2}","2023-03-15 12:07:49","5e078d2a192ef010b2270f70","not-Ysym"
"s0JXVQfTalXW",2,"survey-likert","1: I confirm","1: I will take it seriously","left","img/Left_Y_Symmetry_Angle.svg",2,40,"1: male",NA,"{""selection"":2}","2023-03-15 08:56:19","637f86d14043aee189917962","not-Ysym"
"sYLdSVcIW0Q1",2,"survey-likert","1: I confirm","1: I will take it seriously","left","img/Left_Y_Symmetry_Angle.svg",2,23,"1: male",NA,"{""selection"":2}","2023-03-14 13:04:13","63287c5738d3cd1d3c0fac96","not-Ysym"
"xPDF5l80U6J0",2,"survey-likert","1: I confirm","1: I will take it seriously","left","img/Left_Y_Symmetry_Angle.svg",2,45,"2: female",NA,"{""selection"":2}","2023-03-14 11:52:02","5c0fbb87a166d700013892bf","not-Ysym"
"xfc1OWWFdh29",2,"survey-likert","1: I confirm","1: I will take it seriously","left","img/Left_Y_Symmetry_Angle.svg",2,30,"1: male","No errors ","{""selection"":2}","2023-03-15 09:45:23","62d13d9e4db4492ca0eefc7d","not-Ysym"
"xwA5FHNtVeGO",2,"survey-likert","1: I confirm","1: I will take it seriously","left","img/Left_Y_Symmetry_Angle.svg",2,45,"2: female",NA,"{""selection"":2}","2023-03-14 09:39:34","5c574281575dcf0001155675","not-Ysym"
"yOxZG0AMuFyX",2,"survey-likert","1: I confirm","1: I will take it seriously","left","img/Left_Y_Symmetry_Angle.svg",0,27,"1: male",NA,"{""selection"":0}","2023-03-14 13:27:37","606a5eba8ae3d9d334a69abc","Ysym"
"ygU3MXHBiQLQ",2,"survey-likert","1: I confirm","1: I will take it seriously","left","img/Left_Y_Symmetry_Angle.svg",2,31,"1: male",NA,"{""selection"":2}","2023-03-15 12:07:50","640efeb644bfc457ef8e6b2f","not-Ysym"
"z64GRSJWOJUg",2,"survey-likert","1: I confirm","1: I will take it seriously","left","img/Left_Y_Symmetry_Angle.svg",2,56,"2: female","I didn't come across any areas.","{""selection"":2}","2023-03-14 13:34:43","60c9fcbb6090f57f63cdbebf","not-Ysym"
"zxcTeFzsjbAe",2,"survey-likert","1: I confirm","1: I will take it seriously","left","img/Left_Y_Symmetry_Angle.svg",2,48,"2: female",NA,"{""selection"":2}","2023-03-15 12:08:47","63af557b3d4f219c3226b7d6","not-Ysym"
"1raJ0YZeC7HE",3,"survey-likert","1: I confirm","1: I will take it seriously","left","img/Left_Y_Symmetry_X_Rotation.svg",2,37,"2: female",NA,"{""selection"":2}","2023-03-14 09:41:02","59c80cd246f72100019067b6","not-Ysym"
"2ktjyIqnTruB",3,"survey-likert","1: I confirm","1: I will take it seriously","left","img/Left_Y_Symmetry_X_Rotation.svg",2,40,"1: male",NA,"{""selection"":2}","2023-03-14 13:27:33","60a2cbab9a74ddb09789cfa8","not-Ysym"
"5NcgHTlnYdI1",3,"survey-likert","1: I confirm","1: I will take it seriously","left","img/Left_Y_Symmetry_X_Rotation.svg",2,38,"1: male","N/A","{""selection"":2}","2023-03-15 12:09:53","63d7b30ddc8ceb61c74fe85b","not-Ysym"
"6vXSMmWKpLeM",3,"survey-likert","1: I confirm","1: I will take it seriously","left","img/Left_Y_Symmetry_X_Rotation.svg",2,53,"2: female","no","{""selection"":2}","2023-03-15 09:06:11","5ffcac9fed52b11468dec167","not-Ysym"
"7vZstEWUsmQu",3,"survey-likert","1: I confirm","1: I will take it seriously","left","img/Left_Y_Symmetry_X_Rotation.svg",2,40,"2: female","no errors or problems.","{""selection"":2}","2023-03-14 13:28:11","62a0e117625b3e346ccb377f","not-Ysym"
"ABGBBw6fwHVY",3,"survey-likert","1: I confirm","1: I will take it seriously","left","img/Left_Y_Symmetry_X_Rotation.svg",2,58,"1: male","ALL GOOD","{""selection"":2}","2023-03-14 11:52:47","5ac8a695e1099600016aaae4","not-Ysym"
"BP9u5funjwNR",3,"survey-likert","1: I confirm","1: I will take it seriously","left","img/Left_Y_Symmetry_X_Rotation.svg",2,25,"1: male","None","{""selection"":2}","2023-03-15 08:56:54","60c1d285791d2605d8d7d131","not-Ysym"
"DfkyAKpjVQWp",3,"survey-likert","1: I confirm","1: I will take it seriously","left","img/Left_Y_Symmetry_X_Rotation.svg",2,51,"2: female",NA,"{""selection"":2}","2023-03-14 09:40:26","63e568bbbc16b82e81d44c93","not-Ysym"
"F0RsmPlFeZ4K",3,"survey-likert","1: I confirm","1: I will take it seriously","left","img/Left_Y_Symmetry_X_Rotation.svg",2,31,"1: male",NA,"{""selection"":2}","2023-03-15 08:56:28","63d7dd671d2fad7ac91d6644","not-Ysym"
"GLhJNPaQ7NJc",3,"survey-likert","1: I confirm","1: I will take it seriously","left","img/Left_Y_Symmetry_X_Rotation.svg",2,33,"1: male",NA,"{""selection"":2}","2023-03-15 12:09:59","55da1c4669dbc30010b67569","not-Ysym"
"NoCxBozvKjxH",3,"survey-likert","1: I confirm","1: I will take it seriously","left","img/Left_Y_Symmetry_X_Rotation.svg",2,54,"2: female",NA,"{""selection"":2}","2023-03-14 12:53:12","5aad857fbeaf0b000170795b","not-Ysym"
"ONZYvomNFhyq",3,"survey-likert","1: I confirm","1: I will take it seriously","left","img/Left_Y_Symmetry_X_Rotation.svg",1,36,"2: female",NA,"{""selection"":1}","2023-03-14 12:56:21","59e8e4ceac0af70001b36bd0","None"
"XDiOHuDxNXZ8",3,"survey-likert","1: I confirm","1: I will take it seriously","left","img/Left_Y_Symmetry_X_Rotation.svg",0,25,"2: female",NA,"{""selection"":0}","2023-03-14 13:12:59","63d27e2391b927710684988a","Ysym"
"ccr5dswSCKIu",3,"survey-likert","1: I confirm","1: I will take it seriously","left","img/Left_Y_Symmetry_X_Rotation.svg",2,26,"1: male","the astronauts took forever to load, but not a big deal","{""selection"":2}","2023-03-14 13:01:44","63ea64212628a73581c3a95a","not-Ysym"
"dkgTS164kJW2",3,"survey-likert","1: I confirm","1: I will take it seriously","left","img/Left_Y_Symmetry_X_Rotation.svg",0,51,"2: female","no","{""selection"":0}","2023-03-15 12:09:59","5d7fea714477a000012cc297","Ysym"
"dzhFkIfYGati",3,"survey-likert","1: I confirm","1: I will take it seriously","left","img/Left_Y_Symmetry_X_Rotation.svg",2,27,"1: male",NA,"{""selection"":2}","2023-03-14 09:41:26","60e0dc6be0772b7dfdad9b2c","not-Ysym"
"e2vq60aG4eHu",3,"survey-likert","1: I confirm","1: I will take it seriously","left","img/Left_Y_Symmetry_X_Rotation.svg",2,37,"2: female",NA,"{""selection"":2}","2023-03-14 11:52:21","5ced0da70afd6e0001a9f211","not-Ysym"
"h16vutq3DDrt",3,"survey-likert","1: I confirm","1: I will take it seriously","left","img/Left_Y_Symmetry_X_Rotation.svg",2,55,"2: female",NA,"{""selection"":2}","2023-03-15 09:45:33","56aa2ab9402d62000c7096f2","not-Ysym"
"i8kmbhFTaADd",3,"survey-likert","1: I confirm","1: I will take it seriously","left","img/Left_Y_Symmetry_X_Rotation.svg",2,45,"1: male","No issues.","{""selection"":2}","2023-03-15 09:45:39","5c7fe02f3eaee4001614f81a","not-Ysym"
"jPjOsiailrri",3,"survey-likert","1: I confirm","1: I will take it seriously","left","img/Left_Y_Symmetry_X_Rotation.svg",0,35,"1: male","Everything was fine. No errors whatsoever. ","{""selection"":0}","2023-03-15 09:47:01","62a737b12cc61f784c4aab36","Ysym"
"kFDvLeTLvc9J",3,"survey-likert","1: I confirm","1: I will take it seriously","left","img/Left_Y_Symmetry_X_Rotation.svg",2,32,"1: male",NA,"{""selection"":2}","2023-03-14 13:34:50","63f779740de2ae5b2620cec4","not-Ysym"
"nCgLZWxD1mqq",3,"survey-likert","1: I confirm","1: I will take it seriously","left","img/Left_Y_Symmetry_X_Rotation.svg",2,21,"2: female",NA,"{""selection"":2}","2023-03-14 13:27:31","60db30cbbbee552378774e50","not-Ysym"
"nFeBviPBcNzT",3,"survey-likert","1: I confirm","1: I will take it seriously","left","img/Left_Y_Symmetry_X_Rotation.svg",2,47,"1: male",NA,"{""selection"":2}","2023-03-14 13:27:21","63e640530716cada35c239ea","not-Ysym"
"qxQpniwClKvq",3,"survey-likert","1: I confirm","1: I will take it seriously","left","img/Left_Y_Symmetry_X_Rotation.svg",2,37,"2: female",NA,"{""selection"":2}","2023-03-14 13:01:40","5fd7a014f9e8cb0008e37365","not-Ysym"
"tBUmyd4YaHQ6",3,"survey-likert","1: I confirm","1: I will take it seriously","left","img/Left_Y_Symmetry_X_Rotation.svg",2,36,"1: male",NA,"{""selection"":2}","2023-03-15 12:09:55","63d79c85cd95ae1bac93a452","not-Ysym"
"tlRRIHO8VGAv",3,"survey-likert","1: I confirm","1: I will take it seriously","left","img/Left_Y_Symmetry_X_Rotation.svg",1,25,"1: male","no errors, quick and simple","{""selection"":1}","2023-03-14 11:52:59","63d8267294c685a091016df0","None"
"uHglL6UZgSWb",3,"survey-likert","1: I confirm","1: I will take it seriously","left","img/Left_Y_Symmetry_X_Rotation.svg",2,41,"2: female",NA,"{""selection"":2}","2023-03-14 09:38:59","5e12603776c03b8d43b40747","not-Ysym"
"wgrHmjbmyaR2",3,"survey-likert","1: I confirm","1: I will take it seriously","left","img/Left_Y_Symmetry_X_Rotation.svg",2,42,"1: male","Thank you.","{""selection"":2}","2023-03-15 12:10:03","6314c1e76c3f71e2127f1976","not-Ysym"
"yjPyrWVLDhGe",3,"survey-likert","1: I confirm","1: I will take it seriously","left","img/Left_Y_Symmetry_X_Rotation.svg",2,21,"1: male",NA,"{""selection"":2}","2023-03-15 08:56:32","5c7fb04093cdce00160adf49","not-Ysym"
"ytEdoKD6sMHI",3,"survey-likert","1: I confirm","1: I will take it seriously","left","img/Left_Y_Symmetry_X_Rotation.svg",2,64,"2: female",NA,"{""selection"":2}","2023-03-14 11:52:39","5c2f587f70d93a000122ac27","not-Ysym"
"3G9jsprpwAVz",4,"survey-likert","1: I confirm","1: I will take it seriously","left","img/Left_Y_Symmetry_X_Rotation_180.svg",2,35,"2: female",NA,"{""selection"":2}","2023-03-14 09:23:52","62ecfcad3e41645636f66191","not-Ysym"
"4DRS2oPDXEYF",4,"survey-likert","1: I confirm","1: I will take it seriously","left","img/Left_Y_Symmetry_X_Rotation_180.svg",2,33,"2: female","N/A","{""selection"":2}","2023-03-15 12:11:09","5f5a25a24b1d54080b15dd85","not-Ysym"
"4QysRKLSKTsz",4,"survey-likert","1: I confirm","1: I will take it seriously","left","img/Left_Y_Symmetry_X_Rotation_180.svg",2,25,"1: male",NA,"{""selection"":2}","2023-03-15 09:45:45","6400e00a3cf40dffc3b211c5","not-Ysym"
"7S0ZGNnGkSxQ",4,"survey-likert","1: I confirm","1: I will take it seriously","left","img/Left_Y_Symmetry_X_Rotation_180.svg",2,21,"1: male",NA,"{""selection"":2}","2023-03-15 11:44:46","5be4be239d676000019d5585","not-Ysym"
"AdCqcgnpg7ib",4,"survey-likert","1: I confirm","1: I will take it seriously","left","img/Left_Y_Symmetry_X_Rotation_180.svg",2,28,"2: female",NA,"{""selection"":2}","2023-03-14 09:38:58","5b73d337c7d3c400010f0074","not-Ysym"
"BLBdszw02Ra9",4,"survey-likert","1: I confirm","1: I will take it seriously","left","img/Left_Y_Symmetry_X_Rotation_180.svg",1,42,"2: female",NA,"{""selection"":1}","2023-03-14 11:52:43","5a4bd1533646f90001b43676","None"
"Bcp3nGWt3ran",4,"survey-likert","1: I confirm","1: I will take it seriously","left","img/Left_Y_Symmetry_X_Rotation_180.svg",1,21,"1: male",NA,"{""selection"":1}","2023-03-14 11:52:01","63dbd666f342195367971ecc","None"
"DEh8T4lbfDPN",4,"survey-likert","1: I confirm","1: I will take it seriously","left","img/Left_Y_Symmetry_X_Rotation_180.svg",2,55,"1: male",NA,"{""selection"":2}","2023-03-15 08:57:21","63babb3f30c7eea8b8114f14","not-Ysym"
"Dr7ayhUzUkF3",4,"survey-likert","1: I confirm","1: I will take it seriously","left","img/Left_Y_Symmetry_X_Rotation_180.svg",0,41,"1: male","No terrors, everything went ok","{""selection"":0}","2023-03-15 09:06:05","63468c24fb8ba9eb242d2aca","Ysym"
"FyWoQ0OSpCzt",4,"survey-likert","1: I confirm","1: I will take it seriously","left","img/Left_Y_Symmetry_X_Rotation_180.svg",2,36,"1: male",NA,"{""selection"":2}","2023-03-14 11:52:36","5bf53c8d3b34450001726047","not-Ysym"
"LM4Gg8L9D5tg",4,"survey-likert","1: I confirm","1: I will take it seriously","left","img/Left_Y_Symmetry_X_Rotation_180.svg",0,33,"2: female",NA,"{""selection"":0}","2023-03-15 12:11:03","63d7a7a1d17deb01f7afddd2","Ysym"
"LVR0i9aziPed",4,"survey-likert","1: I confirm","1: I will take it seriously","left","img/Left_Y_Symmetry_X_Rotation_180.svg",2,24,"2: female",NA,"{""selection"":2}","2023-03-14 13:34:34","62a71ce6a09aa213bd5c3de9","not-Ysym"
"MaXP2haDZK9m",4,"survey-likert","1: I confirm","1: I will take it seriously","left","img/Left_Y_Symmetry_X_Rotation_180.svg",2,41,"1: male",NA,"{""selection"":2}","2023-03-14 13:04:25","5bd948d7544d4f000141e81f","not-Ysym"
"MhO9rvddsL2J",4,"survey-likert","1: I confirm","1: I will take it seriously","left","img/Left_Y_Symmetry_X_Rotation_180.svg",2,27,"1: male",NA,"{""selection"":2}","2023-03-15 09:45:24","5862e18ade1cea0001f79bce","not-Ysym"
"OjzpFvVhyxLt",4,"survey-likert","1: I confirm","1: I will take it seriously","left","img/Left_Y_Symmetry_X_Rotation_180.svg",0,37,"2: female","no","{""selection"":0}","2023-03-14 13:27:13","5fc7977f990ff909859b4b77","Ysym"
"Q0wCIUIK2Quh",4,"survey-likert","1: I confirm","1: I will take it seriously","left","img/Left_Y_Symmetry_X_Rotation_180.svg",2,32,"2: female",NA,"{""selection"":2}","2023-03-14 11:52:13","567bdc76b7d79a0012b2738a","not-Ysym"
"TuIbJmJLpxuf",4,"survey-likert","1: I confirm","1: I will take it seriously","left","img/Left_Y_Symmetry_X_Rotation_180.svg",2,54,"2: female",NA,"{""selection"":2}","2023-03-14 09:40:49","5c9749b849784d001b486f6a","not-Ysym"
"Vo23XMdHtRQT",4,"survey-likert","1: I confirm","1: I will take it seriously","left","img/Left_Y_Symmetry_X_Rotation_180.svg",2,43,"2: female","None","{""selection"":2}","2023-03-15 09:45:39","5e62ece11e3088084e0039b8","not-Ysym"
"YOI2eMLqpGHD",4,"survey-likert","1: I confirm","1: I will take it seriously","left","img/Left_Y_Symmetry_X_Rotation_180.svg",1,62,"1: male",NA,"{""selection"":1}","2023-03-15 08:56:45","637f7c9a658dbd7bcdd9e1ad","None"
"c53wguHMPtzf",4,"survey-likert","1: I confirm","1: I will take it seriously","left","img/Left_Y_Symmetry_X_Rotation_180.svg",1,26,"2: female",NA,"{""selection"":1}","2023-03-14 11:52:50","5e514ee960dd0917e68a1ba5","None"
"dr5EcnpEvfYV",4,"survey-likert","1: I confirm","1: I will take it seriously","left","img/Left_Y_Symmetry_X_Rotation_180.svg",2,50,"1: male",NA,"{""selection"":2}","2023-03-15 08:56:39","63bde12a7a991537c2820716","not-Ysym"
"eTwvMiWVRc9X",4,"survey-likert","1: I confirm","1: I will take it seriously","left","img/Left_Y_Symmetry_X_Rotation_180.svg",1,50,"2: female",NA,"{""selection"":1}","2023-03-14 13:27:26","59d9cea2e2762800015eb791","None"
"hE17F0FLL7N4",4,"survey-likert","1: I confirm","1: I will take it seriously","left","img/Left_Y_Symmetry_X_Rotation_180.svg",1,29,"2: female",NA,"{""selection"":1}","2023-03-14 13:33:08","60394fde95a5a03dcc668c4b","None"
"jZOVqYj97U4f",4,"survey-likert","1: I confirm","1: I will take it seriously","left","img/Left_Y_Symmetry_X_Rotation_180.svg",2,58,"1: male","None","{""selection"":2}","2023-03-14 09:40:34","5986ce0eb78fa90001adf2f2","not-Ysym"
"jbof3xk72uLF",4,"survey-likert","1: I confirm","1: I will take it seriously","left","img/Left_Y_Symmetry_X_Rotation_180.svg",2,28,"2: female",NA,"{""selection"":2}","2023-03-14 12:51:58","5c46388a1ddd660001ca4d0b","not-Ysym"
"jojOYiNCbGy6",4,"survey-likert","1: I confirm","1: I will take it seriously","left","img/Left_Y_Symmetry_X_Rotation_180.svg",1,28,"1: male",NA,"{""selection"":1}","2023-03-15 08:56:19","55897abbfdf99b7ae5007548","None"
"k8uJdDvjHzxU",4,"survey-likert","1: I confirm","1: I will take it seriously","left","img/Left_Y_Symmetry_X_Rotation_180.svg",2,36,"2: female",NA,"{""selection"":2}","2023-03-14 13:03:20","5d7918195f9893000156321b","not-Ysym"
"nsY8kVQD7RBm",4,"survey-likert","1: I confirm","1: I will take it seriously","left","img/Left_Y_Symmetry_X_Rotation_180.svg",2,44,"1: male",NA,"{""selection"":2}","2023-03-14 13:13:06","5bd022a50f10750001d898b0","not-Ysym"
"ntv3MiMOyZCO",4,"survey-likert","1: I confirm","1: I will take it seriously","left","img/Left_Y_Symmetry_X_Rotation_180.svg",1,40,"2: female",NA,"{""selection"":1}","2023-03-14 13:00:08","5c3f2e175fe5c60001ffc302","None"
"og6J5iBaM5HY",4,"survey-likert","1: I confirm","1: I will take it seriously","left","img/Left_Y_Symmetry_X_Rotation_180.svg",2,50,"2: female",NA,"{""selection"":2}","2023-03-14 12:55:22","5d0cc42ddac0a8001a3fa79d","not-Ysym"
"23X3p3PbKKQy",5,"survey-likert","1: I confirm","1: I will take it seriously","left","img/Left_Y_Symmetry_X_Symmetry.svg",0,72,"1: male",NA,"{""selection"":0}","2023-03-15 08:56:43","5f674b595c87a8334c381ae7","Ysym"
"2gMvWia6D07M",5,"survey-likert","1: I confirm","1: I will take it seriously","left","img/Left_Y_Symmetry_X_Symmetry.svg",0,33,"2: female",NA,"{""selection"":0}","2023-03-14 13:13:02","5ef1026829ab790c3b67bd8e","Ysym"
"3PtU6iFqonVv",5,"survey-likert","1: I confirm","1: I will take it seriously","left","img/Left_Y_Symmetry_X_Symmetry.svg",2,22,"2: female",NA,"{""selection"":2}","2023-03-14 13:29:43","5d6d62e5e4e6760016fba778","not-Ysym"
"4kJT4zf5Tx7z",5,"survey-likert","1: I confirm","1: I will take it seriously","left","img/Left_Y_Symmetry_X_Symmetry.svg",2,26,"1: male","no errors.","{""selection"":2}","2023-03-14 13:53:00","628f86a4d49833cf00ff2606","not-Ysym"
"5ZBzvlVQOwpr",5,"survey-likert","1: I confirm","1: I will take it seriously","left","img/Left_Y_Symmetry_X_Symmetry.svg",2,18,"2: female",NA,"{""selection"":2}","2023-03-14 13:01:53","63c7bb2ae745777e97741ee4","not-Ysym"
"6Iuv97CkuNMd",5,"survey-likert","1: I confirm","1: I will take it seriously","left","img/Left_Y_Symmetry_X_Symmetry.svg",2,35,"2: female","n/a thank you","{""selection"":2}","2023-03-15 12:14:54","5b421b9ac2e3810001763252","not-Ysym"
"AoYi9nSy5dFN",5,"survey-likert","1: I confirm","1: I will take it seriously","left","img/Left_Y_Symmetry_X_Symmetry.svg",2,19,"1: male",NA,"{""selection"":2}","2023-03-14 12:53:15","63d297d1e9de5f97df9e8210","not-Ysym"
"BJFwjAgIBDHE",5,"survey-likert","1: I confirm","1: I will take it seriously","left","img/Left_Y_Symmetry_X_Symmetry.svg",2,25,"2: female","nothing was an issue","{""selection"":2}","2023-03-14 12:59:06","60954946b22b59747d00217e","not-Ysym"
"CDx9aIVNC3t9",5,"survey-likert","1: I confirm","1: I will take it seriously","left","img/Left_Y_Symmetry_X_Symmetry.svg",2,39,"1: male","NONE","{""selection"":2}","2023-03-14 13:34:37","5de7900ceb1b0a6fe754b2c6","not-Ysym"
"COqI3MJjRc40",5,"survey-likert","1: I confirm","1: I will take it seriously","left","img/Left_Y_Symmetry_X_Symmetry.svg",2,36,"1: male","n/a","{""selection"":2}","2023-03-15 12:14:53","63ced717cb553d29a3beac43","not-Ysym"
"KXM2Rk8TWWt7",5,"survey-likert","1: I confirm","1: I will take it seriously","left","img/Left_Y_Symmetry_X_Symmetry.svg",2,52,"2: female","No errors","{""selection"":2}","2023-03-15 08:56:18","5e4db49d96e3c32079f64790","not-Ysym"
"LMqV47SeNj24",5,"survey-likert","1: I confirm","1: I will take it seriously","left","img/Left_Y_Symmetry_X_Symmetry.svg",2,27,"1: male",NA,"{""selection"":2}","2023-03-14 09:39:45","60c298f8c2328dfe272401d2","not-Ysym"
"MGZyQg2CSTG4",5,"survey-likert","1: I confirm","1: I will take it seriously","left","img/Left_Y_Symmetry_X_Symmetry.svg",2,47,"1: male",NA,"{""selection"":2}","2023-03-14 11:52:49","6320cfe2d0cbd240bb5532d9","not-Ysym"
"Phm5P61AEnCE",5,"survey-likert","1: I confirm","1: I will take it seriously","left","img/Left_Y_Symmetry_X_Symmetry.svg",2,41,"2: female",NA,"{""selection"":2}","2023-03-14 13:27:30","62fb9469c449cbeb0c40a59a","not-Ysym"
"QvdxQ0AAe234",5,"survey-likert","1: I confirm","1: I will take it seriously","left","img/Left_Y_Symmetry_X_Symmetry.svg",0,22,"1: male",NA,"{""selection"":0}","2023-03-15 09:00:00","6129ba3532102d5c539ff29b","Ysym"
"RZtjiZ5wTOfy",5,"survey-likert","1: I confirm","1: I will take it seriously","left","img/Left_Y_Symmetry_X_Symmetry.svg",0,20,"1: male",NA,"{""selection"":0}","2023-03-14 11:52:34","63ea445c759d5bf0e3f63739","Ysym"
"RtGoZfa3u2ll",5,"survey-likert","1: I confirm","1: I will take it seriously","left","img/Left_Y_Symmetry_X_Symmetry.svg",2,24,"1: male",NA,"{""selection"":2}","2023-03-15 09:53:23","57165ba7c5aca2000a8d32ca","not-Ysym"
"SUH6jnkL1uHH",5,"survey-likert","1: I confirm","1: I will take it seriously","left","img/Left_Y_Symmetry_X_Symmetry.svg",0,30,"1: male",NA,"{""selection"":0}","2023-03-15 09:45:35","63ea510c7fe86bece094a857","Ysym"
"TxKGw3VoP87U",5,"survey-likert","1: I confirm","1: I will take it seriously","left","img/Left_Y_Symmetry_X_Symmetry.svg",1,25,"1: male",NA,"{""selection"":1}","2023-03-15 09:45:44","63e520360843dc888ebe8f39","None"
"VhSURqZs5zxB",5,"survey-likert","1: I confirm","1: I will take it seriously","left","img/Left_Y_Symmetry_X_Symmetry.svg",0,33,"2: female",NA,"{""selection"":0}","2023-03-14 09:40:37","59317c2cf1b3f00001963e1a","Ysym"
"WCz8QyEdOKXm",5,"survey-likert","1: I confirm","1: I will take it seriously","left","img/Left_Y_Symmetry_X_Symmetry.svg",0,39,"2: female",NA,"{""selection"":0}","2023-03-14 09:27:46","5f95a3272d19504163e83e70","Ysym"
"Wq87VGuBObkZ",5,"survey-likert","1: I confirm","1: I will take it seriously","left","img/Left_Y_Symmetry_X_Symmetry.svg",2,22,"2: female",NA,"{""selection"":2}","2023-03-15 09:45:44","5eef8f2639386728358b8c1b","not-Ysym"
"Zkh0pLhCqejl",5,"survey-likert","1: I confirm","1: I will take it seriously","left","img/Left_Y_Symmetry_X_Symmetry.svg",2,39,"1: male",NA,"{""selection"":2}","2023-03-15 09:06:02","62b8b2be4c2b1d481f4f68c0","not-Ysym"
"awex4rNWT07k",5,"survey-likert","1: I confirm","1: I will take it seriously","left","img/Left_Y_Symmetry_X_Symmetry.svg",2,32,"3: non-binary",NA,"{""selection"":2}","2023-03-14 13:00:33","614b875cc8fc5d3720508bb7","not-Ysym"
"d4aYNnPdI7Fz",5,"survey-likert","1: I confirm","1: I will take it seriously","left","img/Left_Y_Symmetry_X_Symmetry.svg",2,49,"1: male",NA,"{""selection"":2}","2023-03-14 11:52:04","636928ef51cdaf360bebba1e","not-Ysym"
"qekGzUcuvq0M",5,"survey-likert","1: I confirm","1: I will take it seriously","left","img/Left_Y_Symmetry_X_Symmetry.svg",0,24,"1: male",NA,"{""selection"":0}","2023-03-14 13:27:50","5fc27fc4cfd9e3439524a3c2","Ysym"
"sU6oUcRm6ENq",5,"survey-likert","1: I confirm","1: I will take it seriously","left","img/Left_Y_Symmetry_X_Symmetry.svg",2,32,"2: female",NA,"{""selection"":2}","2023-03-15 08:56:49","59269aac7724de000109190f","not-Ysym"
"vbtZUq17AD74",5,"survey-likert","1: I confirm","1: I will take it seriously","left","img/Left_Y_Symmetry_X_Symmetry.svg",2,71,"2: female","none","{""selection"":2}","2023-03-14 09:40:48","58aacb1476c5b70001662661","not-Ysym"
"vveocV3vYE3M",5,"survey-likert","1: I confirm","1: I will take it seriously","left","img/Left_Y_Symmetry_X_Symmetry.svg",2,40,"1: male",NA,"{""selection"":2}","2023-03-14 11:52:15","5ec9c8ac6c15054fe7508271","not-Ysym"
"zyWeeHLHMMQn",5,"survey-likert","1: I confirm","1: I will take it seriously","left","img/Left_Y_Symmetry_X_Symmetry.svg",0,18,"1: male","None","{""selection"":0}","2023-03-14 11:52:57","6400fab561deb2ad45de059b","Ysym"
"3tlfyWByRTLN",6,"survey-likert","1: I confirm","1: I will take it seriously","left","img/Left_Y_Symmetry_Y_Translation.svg",2,47,"2: female","no issues","{""selection"":2}","2023-03-14 11:52:54","5b2a2d855b5c0900018b0bf5","not-Ysym"
"4AUaQ6Q6nw1S",6,"survey-likert","1: I confirm","1: I will take it seriously","left","img/Left_Y_Symmetry_Y_Translation.svg",2,44,"2: female",NA,"{""selection"":2}","2023-03-14 14:14:51","61202fedf94fc3ac487980af","not-Ysym"
"4Ev3SJJRn3kt",6,"survey-likert","1: I confirm","1: I will take it seriously","left","img/Left_Y_Symmetry_Y_Translation.svg",2,44,"1: male","I didn't come across any errors, thanks.","{""selection"":2}","2023-03-15 08:56:29","5b0f33dd1e55760001b9a9ce","not-Ysym"
"4FMVdBxA7cji",6,"survey-likert","1: I confirm","1: I will take it seriously","left","img/Left_Y_Symmetry_Y_Translation.svg",2,23,"2: female",NA,"{""selection"":2}","2023-03-14 13:27:06","6086db96bc44d6b5b1969fbe","not-Ysym"
"63zHTQixFZXp",6,"survey-likert","1: I confirm","1: I will take it seriously","left","img/Left_Y_Symmetry_Y_Translation.svg",2,24,"2: female",NA,"{""selection"":2}","2023-03-15 09:01:52","6002e90144049f32edaf9ccf","not-Ysym"
"6WNPMY1Oyqvh",6,"survey-likert","1: I confirm","1: I will take it seriously","left","img/Left_Y_Symmetry_Y_Translation.svg",2,34,"2: female",NA,"{""selection"":2}","2023-03-14 12:59:22","60a41ecb8782f5ba1e654224","not-Ysym"
"6okhMqn4DFAS",6,"survey-likert","1: I confirm","1: I will take it seriously","left","img/Left_Y_Symmetry_Y_Translation.svg",2,57,"2: female","No errors","{""selection"":2}","2023-03-14 11:52:12","5f4eae624562c70dbee13cd2","not-Ysym"
"84CfT2nQSER1",6,"survey-likert","1: I confirm","1: I will take it seriously","left","img/Left_Y_Symmetry_Y_Translation.svg",2,30,"1: male",NA,"{""selection"":2}","2023-03-14 14:17:39","639b9b047b98a3d09a77a6c6","not-Ysym"
"9GJdtcRInz9e",6,"survey-likert","1: I confirm","1: I will take it seriously","left","img/Left_Y_Symmetry_Y_Translation.svg",0,45,"1: male",NA,"{""selection"":0}","2023-03-14 13:13:00","5cd3c6d9440dcc000110f934","Ysym"
"FOGJeCrQZfgx",6,"survey-likert","1: I confirm","1: I will take it seriously","left","img/Left_Y_Symmetry_Y_Translation.svg",2,47,"1: male",NA,"{""selection"":2}","2023-03-15 11:44:59","5bb48501d3be310001c1afeb","not-Ysym"
"Gqlfdk1QO5pU",6,"survey-likert","1: I confirm","1: I will take it seriously","left","img/Left_Y_Symmetry_Y_Translation.svg",2,41,"1: male",NA,"{""selection"":2}","2023-03-14 09:41:01","63d0429b513b3c57dce4c86e","not-Ysym"
"HFmghDKI7Lk2",6,"survey-likert","1: I confirm","1: I will take it seriously","left","img/Left_Y_Symmetry_Y_Translation.svg",2,41,"1: male",NA,"{""selection"":2}","2023-03-15 09:45:22","63d3fd5916541b5031bd4a3f","not-Ysym"
"HvQDhbo6Cz8F",6,"survey-likert","1: I confirm","1: I will take it seriously","left","img/Left_Y_Symmetry_Y_Translation.svg",2,33,"2: female",NA,"{""selection"":2}","2023-03-14 13:28:53","5f9b1bd8ffa5e21886c0caa6","not-Ysym"
"Jz8ihTRFvf38",6,"survey-likert","1: I confirm","1: I will take it seriously","left","img/Left_Y_Symmetry_Y_Translation.svg",2,20,"1: male",NA,"{""selection"":2}","2023-03-14 09:39:15","5f43b3e9afb00862d6451aa7","not-Ysym"
"KjCSbm2nOMNv",6,"survey-likert","1: I confirm","1: I will take it seriously","left","img/Left_Y_Symmetry_Y_Translation.svg",1,31,"1: male",NA,"{""selection"":1}","2023-03-14 11:52:26","5f0b196928879b23ce83e097","None"
"UdEAwFi5iS08",6,"survey-likert","1: I confirm","1: I will take it seriously","left","img/Left_Y_Symmetry_Y_Translation.svg",2,54,"2: female",NA,"{""selection"":2}","2023-03-14 11:52:21","63cd461c5f597e27b2a054fb","not-Ysym"
"VWfJFEHj6Hl0",6,"survey-likert","1: I confirm","1: I will take it seriously","left","img/Left_Y_Symmetry_Y_Translation.svg",0,29,"2: female","na","{""selection"":0}","2023-03-14 13:27:41","5f2af49b7d292a45e93c896c","Ysym"
"Wanj8StKPGyV",6,"survey-likert","1: I confirm","1: I will take it seriously","left","img/Left_Y_Symmetry_Y_Translation.svg",2,33,"1: male",NA,"{""selection"":2}","2023-03-14 14:14:43","62aa591a476ebabe28612a92","not-Ysym"
"XRjSUX3wQeFL",6,"survey-likert","1: I confirm","1: I will take it seriously","left","img/Left_Y_Symmetry_Y_Translation.svg",2,43,"2: female",NA,"{""selection"":2}","2023-03-15 09:45:45","5a046d655d06850001aff42b","not-Ysym"
"Y5TPHoAB3sUO",6,"survey-likert","1: I confirm","1: I will take it seriously","left","img/Left_Y_Symmetry_Y_Translation.svg",2,23,"2: female",NA,"{""selection"":2}","2023-03-14 13:13:07","5eb58ac5307b420a604cb4cf","not-Ysym"
"bitvpOuwGawl",6,"survey-likert","1: I confirm","1: I will take it seriously","left","img/Left_Y_Symmetry_Y_Translation.svg",2,26,"2: female",NA,"{""selection"":2}","2023-03-14 09:41:15","60cc750c69c045055a7973b8","not-Ysym"
"boPMN6FLse4n",6,"survey-likert","1: I confirm","1: I will take it seriously","left","img/Left_Y_Symmetry_Y_Translation.svg",0,23,"1: male",NA,"{""selection"":0}","2023-03-14 13:03:54","63b777a4a6218e81a5651ca1","Ysym"
"iIThv133scXq",6,"survey-likert","1: I confirm","1: I will take it seriously","left","img/Left_Y_Symmetry_Y_Translation.svg",2,38,"1: male","N/A","{""selection"":2}","2023-03-14 09:40:30","5f846f83c82b620c0858a608","not-Ysym"
"jnoAksBjIKCT",6,"survey-likert","1: I confirm","1: I will take it seriously","left","img/Left_Y_Symmetry_Y_Translation.svg",2,73,"2: female",NA,"{""selection"":2}","2023-03-14 12:59:12","5c62959e32a505000161e82b","not-Ysym"
"l1FtptQPYE8O",6,"survey-likert","1: I confirm","1: I will take it seriously","left","img/Left_Y_Symmetry_Y_Translation.svg",2,50,"1: male",NA,"{""selection"":2}","2023-03-15 08:57:09","63a595f6647550ecffa24f9e","not-Ysym"
"lC1DGDpUCYXg",6,"survey-likert","1: I confirm","1: I will take it seriously","left","img/Left_Y_Symmetry_Y_Translation.svg",2,31,"2: female",NA,"{""selection"":2}","2023-03-15 09:45:36","62a0d3f66ad9919c9cd8d8e8","not-Ysym"
"n2nUZRM6kJSf",6,"survey-likert","1: I confirm","1: I will take it seriously","left","img/Left_Y_Symmetry_Y_Translation.svg",2,40,"1: male",NA,"{""selection"":2}","2023-03-15 08:56:46","6061ef11da123a1d9e55c6c8","not-Ysym"
"nNcrmUYUgonH",6,"survey-likert","1: I confirm","1: I will take it seriously","left","img/Left_Y_Symmetry_Y_Translation.svg",2,52,"2: female","None","{""selection"":2}","2023-03-15 09:46:18","6093e78e30fb90f291b261f9","not-Ysym"
"pfkno5xz0vZI",6,"survey-likert","1: I confirm","1: I will take it seriously","left","img/Left_Y_Symmetry_Y_Translation.svg",2,61,"2: female",NA,"{""selection"":2}","2023-03-15 08:56:38","638e2eed82fa613f2140ba13","not-Ysym"
"qadZsdQt30EQ",6,"survey-likert","1: I confirm","1: I will take it seriously","left","img/Left_Y_Symmetry_Y_Translation.svg",2,37,"2: female",NA,"{""selection"":2}","2023-03-14 13:27:30","5c48f02e2381060001bfa28e","not-Ysym"
"0Sjmg1pKQ953",7,"survey-likert","1: I confirm","1: I will take it seriously","left","img/Left_Y_Symmetry_X_Translation.svg",0,25,"1: male",NA,"{""selection"":0}","2023-03-14 09:39:48","5feca7cccbe069e3cf2ad284","Ysym"
"0apUBoRBNhTo",7,"survey-likert","1: I confirm","1: I will take it seriously","left","img/Left_Y_Symmetry_X_Translation.svg",0,37,"2: female",NA,"{""selection"":0}","2023-03-14 14:04:34","5b15a1369663ee000146421e","Ysym"
"0eoth82YieMN",7,"survey-likert","1: I confirm","1: I will take it seriously","left","img/Left_Y_Symmetry_X_Translation.svg",0,34,"1: male","N/A","{""selection"":0}","2023-03-14 13:03:10","5d92fee662e97e0018134a6f","Ysym"
"1ltnB2M823KV",7,"survey-likert","1: I confirm","1: I will take it seriously","left","img/Left_Y_Symmetry_X_Translation.svg",1,55,"2: female",NA,"{""selection"":1}","2023-03-15 09:45:42","63e00673acb154c72d564dd1","None"
"24ox481i2B0J",7,"survey-likert","1: I confirm","1: I will take it seriously","left","img/Left_Y_Symmetry_X_Translation.svg",1,57,"2: female",NA,"{""selection"":1}","2023-03-15 09:06:09","5815a5f000b325000184db51","None"
"5I04Nbd1KL3n",7,"survey-likert","1: I confirm","1: I will take it seriously","left","img/Left_Y_Symmetry_X_Translation.svg",0,21,"1: male","None","{""selection"":0}","2023-03-14 09:41:11","63e56d778a024636a02f2d19","Ysym"
"5bcrtIAjPcGF",7,"survey-likert","1: I confirm","1: I will take it seriously","left","img/Left_Y_Symmetry_X_Translation.svg",2,35,"1: male",NA,"{""selection"":2}","2023-03-15 11:44:44","5eac3597d327962548ce2cd3","not-Ysym"
"71e6GxF3Lamo",7,"survey-likert","1: I confirm","1: I will take it seriously","left","img/Left_Y_Symmetry_X_Translation.svg",0,21,"3: non-binary",NA,"{""selection"":0}","2023-03-14 12:57:17","60faa15c2865f29284c740fc","Ysym"
"7MwmrFZhaZch",7,"survey-likert","1: I confirm","1: I will take it seriously","left","img/Left_Y_Symmetry_X_Translation.svg",0,26,"1: male",NA,"{""selection"":0}","2023-03-14 09:38:22","5630b79b733ea00011164946","Ysym"
"AJUNDNRVj8Ip",7,"survey-likert","1: I confirm","1: I will take it seriously","left","img/Left_Y_Symmetry_X_Translation.svg",1,55,"1: male",NA,"{""selection"":1}","2023-03-14 14:04:28","5d2b08784588590018cf70bb","None"
"AnUorHd6EQBY",7,"survey-likert","1: I confirm","1: I will take it seriously","left","img/Left_Y_Symmetry_X_Translation.svg",1,23,"2: female",NA,"{""selection"":1}","2023-03-14 09:40:05","5f0dd043b221e201edcc92ee","None"
"DwsNr5tXsc5b",7,"survey-likert","1: I confirm","1: I will take it seriously","left","img/Left_Y_Symmetry_X_Translation.svg",0,36,"2: female","n/a","{""selection"":0}","2023-03-14 11:52:44","5d4c06c6a8d9fb001a1470d5","Ysym"
"HlIQr2nqwoFD",7,"survey-likert","1: I confirm","1: I will take it seriously","left","img/Left_Y_Symmetry_X_Translation.svg",1,52,"1: male","n/a","{""selection"":1}","2023-03-15 08:56:26","601969ac51c0bc0556499ddd","None"
"NFJiIF0rUin5",7,"survey-likert","1: I confirm","1: I will take it seriously","left","img/Left_Y_Symmetry_X_Translation.svg",1,40,"1: male",NA,"{""selection"":1}","2023-03-15 08:56:31","62a8e8d53d81e31a0c0331d3","None"
"OBPsNNmjADvw",7,"survey-likert","1: I confirm","1: I will take it seriously","left","img/Left_Y_Symmetry_X_Translation.svg",0,26,"2: female",NA,"{""selection"":0}","2023-03-14 13:27:30","5fb6b4fee395490d9f90d513","Ysym"
"T4Start920t0",7,"survey-likert","1: I confirm","1: I will take it seriously","left","img/Left_Y_Symmetry_X_Translation.svg",0,28,"1: male",NA,"{""selection"":0}","2023-03-14 14:04:23","578ce1bdc9abeb0001af3163","Ysym"
"TkGIO1phxc3M",7,"survey-likert","1: I confirm","1: I will take it seriously","left","img/Left_Y_Symmetry_X_Translation.svg",1,29,"1: male","No errors to report, thank you.","{""selection"":1}","2023-03-14 13:13:16","63991528da6b035f5681cbc0","None"
"awxpupyWZfh5",7,"survey-likert","1: I confirm","1: I will take it seriously","left","img/Left_Y_Symmetry_X_Translation.svg",2,23,"1: male",NA,"{""selection"":2}","2023-03-14 13:27:13","5f5fd5de4487cd0a1f054104","not-Ysym"
"g21LbxtmbL1U",7,"survey-likert","1: I confirm","1: I will take it seriously","left","img/Left_Y_Symmetry_X_Translation.svg",2,63,"1: male",NA,"{""selection"":2}","2023-03-14 13:27:45","5f0f6ef654ae12126762bd4e","not-Ysym"
"gs5jGy10BgEQ",7,"survey-likert","1: I confirm","1: I will take it seriously","left","img/Left_Y_Symmetry_X_Translation.svg",0,71,"1: male","none that I saw","{""selection"":0}","2023-03-14 11:52:13","60dc963e81e24696fb377f61","Ysym"
"hbaTiXv0ube3",7,"survey-likert","1: I confirm","1: I will take it seriously","left","img/Left_Y_Symmetry_X_Translation.svg",1,42,"1: male","None that I noticed.","{""selection"":1}","2023-03-14 11:52:29","63b748805d0e1d0ccec51d89","None"
"hf1WLVT8PddQ",7,"survey-likert","1: I confirm","1: I will take it seriously","left","img/Left_Y_Symmetry_X_Translation.svg",0,52,"2: female",NA,"{""selection"":0}","2023-03-15 08:58:45","5f69f8a030340e0162eb8c76","Ysym"
"lOiB1JhbevHb",7,"survey-likert","1: I confirm","1: I will take it seriously","left","img/Left_Y_Symmetry_X_Translation.svg",0,24,"3: non-binary","no errors","{""selection"":0}","2023-03-14 14:04:24","60572e792b7a4cff55a2ad57","Ysym"
"mURJtVkxlH34",7,"survey-likert","1: I confirm","1: I will take it seriously","left","img/Left_Y_Symmetry_X_Translation.svg",1,24,"2: female",NA,"{""selection"":1}","2023-03-14 12:55:13","5a2461e2cbf02200012a2322","None"
"pZesEm8MFrUN",7,"survey-likert","1: I confirm","1: I will take it seriously","left","img/Left_Y_Symmetry_X_Translation.svg",2,28,"2: female",NA,"{""selection"":2}","2023-03-14 14:04:22","6107194e818802835d2f6ba3","not-Ysym"
"qR1ye3bLu1IY",7,"survey-likert","1: I confirm","1: I will take it seriously","left","img/Left_Y_Symmetry_X_Translation.svg",2,70,"2: female",NA,"{""selection"":2}","2023-03-15 09:45:29","56a34e19dbe850000cfd4cf0","not-Ysym"
"tluR2QrRXuwO",7,"survey-likert","1: I confirm","1: I will take it seriously","left","img/Left_Y_Symmetry_X_Translation.svg",0,49,"1: male",NA,"{""selection"":0}","2023-03-15 09:45:39","62347682441768ec1896b60e","Ysym"
"uJK6nDjf3JVj",7,"survey-likert","1: I confirm","1: I will take it seriously","left","img/Left_Y_Symmetry_X_Translation.svg",0,38,"2: female","none","{""selection"":0}","2023-03-15 08:56:52","63038b2eaffacfbe936164c1","Ysym"
"wuD7pDn6xtJc",7,"survey-likert","1: I confirm","1: I will take it seriously","left","img/Left_Y_Symmetry_X_Translation.svg",1,39,"2: female",NA,"{""selection"":1}","2023-03-15 09:46:07","5b4906a5369f84000112abdd","None"
"xP8Cuxy0LJNR",7,"survey-likert","1: I confirm","1: I will take it seriously","left","img/Left_Y_Symmetry_X_Translation.svg",2,63,"2: female","no errors","{""selection"":2}","2023-03-14 13:27:38","62c68f98defd37f0f2326a0d","not-Ysym"
"1GthHvIkIpGs",8,"survey-likert","1: I confirm","1: I will take it seriously","right","img/Right_Y_Symmetry_Big.svg",0,31,"1: male",NA,"{""selection"":0}","2023-03-15 11:44:45","63d811529a14859b7754f737","not-Ysym"
"1H2wLE88kl8Y",8,"survey-likert","1: I confirm","1: I will take it seriously","right","img/Right_Y_Symmetry_Big.svg",0,36,"2: female",NA,"{""selection"":0}","2023-03-15 09:45:47","6316ef0182fe0ccf435703e3","not-Ysym"
"3ZfNBZa4Hd3u",8,"survey-likert","1: I confirm","1: I will take it seriously","right","img/Right_Y_Symmetry_Big.svg",0,36,"1: male","nothing ","{""selection"":0}","2023-03-14 09:40:42","5ffb2c0b07b89b53f4ac3a39","not-Ysym"
"3fLN3UzvErsU",8,"survey-likert","1: I confirm","1: I will take it seriously","right","img/Right_Y_Symmetry_Big.svg",2,31,"1: male",NA,"{""selection"":2}","2023-03-14 12:50:34","612ae81934e6721f65cff6bf","Ysym"
"8oeFpYjMsKqP",8,"survey-likert","1: I confirm","1: I will take it seriously","right","img/Right_Y_Symmetry_Big.svg",0,33,"2: female","n/a
","{""selection"":0}","2023-03-14 13:27:22","60883dcb05992dda5f486dc3","not-Ysym"
"ES6FmyEZlIKh",8,"survey-likert","1: I confirm","1: I will take it seriously","right","img/Right_Y_Symmetry_Big.svg",0,46,"2: female","No errors.","{""selection"":0}","2023-03-14 13:27:24","6164256a8457e9ee1af3a65e","not-Ysym"
"Mrw0pDVbblAB",8,"survey-likert","1: I confirm","1: I will take it seriously","right","img/Right_Y_Symmetry_Big.svg",0,50,"2: female","no errors","{""selection"":0}","2023-03-14 11:52:22","5f566443352f600826449f4b","not-Ysym"
"OUnMDYwSM80M",8,"survey-likert","1: I confirm","1: I will take it seriously","right","img/Right_Y_Symmetry_Big.svg",1,35,"2: female",NA,"{""selection"":1}","2023-03-14 13:04:14","614cd1ce1f5a14aa71ec0504","None"
"OotLF3dfsG0f",8,"survey-likert","1: I confirm","1: I will take it seriously","right","img/Right_Y_Symmetry_Big.svg",0,32,"1: male",NA,"{""selection"":0}","2023-03-15 09:45:42","5d5738917cf41b0015a05fc6","not-Ysym"
"Qcnma5dg9nQn",8,"survey-likert","1: I confirm","1: I will take it seriously","right","img/Right_Y_Symmetry_Big.svg",0,35,"2: female",NA,"{""selection"":0}","2023-03-14 09:40:28","6105bc993a9e157adee5063c","not-Ysym"
"V85S7jkU45ZV",8,"survey-likert","1: I confirm","1: I will take it seriously","right","img/Right_Y_Symmetry_Big.svg",2,39,"1: male",NA,"{""selection"":2}","2023-03-14 12:59:32","5ad0aed35b53cb0001f33bcb","Ysym"
"ZERHoTE3Ou5Z",8,"survey-likert","1: I confirm","1: I will take it seriously","right","img/Right_Y_Symmetry_Big.svg",0,38,"1: male",NA,"{""selection"":0}","2023-03-14 11:52:49","5eacb65b5fe9ad3315a0a595","not-Ysym"
"b55AK0FjYasH",8,"survey-likert","1: I confirm","1: I will take it seriously","right","img/Right_Y_Symmetry_Big.svg",1,49,"1: male","No. Errors. But this was a weird test. How can you determine anything using such surreal situations?","{""selection"":1}","2023-03-14 13:05:27","5d2e26e2565e1200017efaee","None"
"d5AxQLgbE6KL",8,"survey-likert","1: I confirm","1: I will take it seriously","right","img/Right_Y_Symmetry_Big.svg",0,63,"1: male","none","{""selection"":0}","2023-03-15 08:57:27","6078661a148492f9436d8bb0","not-Ysym"
"dlb6kXxJjmam",8,"survey-likert","1: I confirm","1: I will take it seriously","right","img/Right_Y_Symmetry_Big.svg",0,49,"1: male","all worked well.","{""selection"":0}","2023-03-15 09:06:01","591efbd1ff8a030001e8e595","not-Ysym"
"epNOW5TMY0em",8,"survey-likert","1: I confirm","1: I will take it seriously","right","img/Right_Y_Symmetry_Big.svg",0,40,"2: female",NA,"{""selection"":0}","2023-03-14 13:27:46","609e99826182c01b8cde0871","not-Ysym"
"gxv5T5ru5jda",8,"survey-likert","1: I confirm","1: I will take it seriously","right","img/Right_Y_Symmetry_Big.svg",0,36,"1: male",NA,"{""selection"":0}","2023-03-15 08:56:52","63f54db123b350a3b5836638","not-Ysym"
"jgXbYrojptqT",8,"survey-likert","1: I confirm","1: I will take it seriously","right","img/Right_Y_Symmetry_Big.svg",0,33,"2: female",NA,"{""selection"":0}","2023-03-15 09:45:24","5ed4c3d73ac88100098198f1","not-Ysym"
"jz67DhgeHKvn",8,"survey-likert","1: I confirm","1: I will take it seriously","right","img/Right_Y_Symmetry_Big.svg",0,48,"1: male",NA,"{""selection"":0}","2023-03-14 11:52:28","5e3589f0f4429c52b06eb457","not-Ysym"
"osaO3vhM7KuH",8,"survey-likert","1: I confirm","1: I will take it seriously","right","img/Right_Y_Symmetry_Big.svg",2,24,"1: male",NA,"{""selection"":2}","2023-03-14 13:34:37","5be12624b08fb60001f5680a","Ysym"
"qD3EfzzXyPZF",8,"survey-likert","1: I confirm","1: I will take it seriously","right","img/Right_Y_Symmetry_Big.svg",2,22,"1: male",NA,"{""selection"":2}","2023-03-14 09:39:27","60670ac0fc7e169231369ab1","Ysym"
"rH4N8jFIgSuO",8,"survey-likert","1: I confirm","1: I will take it seriously","right","img/Right_Y_Symmetry_Big.svg",0,37,"2: female",NA,"{""selection"":0}","2023-03-14 11:52:04","6151723d5a31bbd66059f6fb","not-Ysym"
"sPUjBO8WEPyo",8,"survey-likert","1: I confirm","1: I will take it seriously","right","img/Right_Y_Symmetry_Big.svg",0,18,"1: male","N/A","{""selection"":0}","2023-03-14 11:52:48","63d7c18d5c07997a9e3b000f","not-Ysym"
"t2kvfbEcddzh",8,"survey-likert","1: I confirm","1: I will take it seriously","right","img/Right_Y_Symmetry_Big.svg",0,23,"2: female",NA,"{""selection"":0}","2023-03-14 13:13:11","634d738128d6bd62fefa7eb5","not-Ysym"
"tSOoYViE7vs2",8,"survey-likert","1: I confirm","1: I will take it seriously","right","img/Right_Y_Symmetry_Big.svg",0,43,"1: male",NA,"{""selection"":0}","2023-03-15 08:56:22","62ac24c9af89f1f28aea1d11","not-Ysym"
"tUJacZsyESbb",8,"survey-likert","1: I confirm","1: I will take it seriously","right","img/Right_Y_Symmetry_Big.svg",0,24,"2: female",NA,"{""selection"":0}","2023-03-14 12:55:51","60b889967014a024377477fa","not-Ysym"
"uo9HDuqyCA0u",8,"survey-likert","1: I confirm","1: I will take it seriously","right","img/Right_Y_Symmetry_Big.svg",0,33,"2: female",NA,"{""selection"":0}","2023-03-15 08:56:34","5def85482c54d461f5445b3b","not-Ysym"
"vNt897DAaryU",8,"survey-likert","1: I confirm","1: I will take it seriously","right","img/Right_Y_Symmetry_Big.svg",0,26,"2: female","none at all","{""selection"":0}","2023-03-14 09:24:28","607583e0c86113a48cbdc1e2","not-Ysym"
"yXYMSPW9H38Q",8,"survey-likert","1: I confirm","1: I will take it seriously","right","img/Right_Y_Symmetry_Big.svg",0,23,"1: male",NA,"{""selection"":0}","2023-03-15 09:45:38","63e51bd484054cb5da6c0c11","not-Ysym"
"zNOlYsikOuid",8,"survey-likert","1: I confirm","1: I will take it seriously","right","img/Right_Y_Symmetry_Big.svg",0,31,"1: male",NA,"{""selection"":0}","2023-03-15 12:38:38","6400ef858825b2a588e06377","not-Ysym"
"2xZHLrS5WikR",9,"survey-likert","1: I confirm","1: I will take it seriously","right","img/Right_Y_Symmetry_Angle.svg",0,50,"2: female",NA,"{""selection"":0}","2023-03-14 09:21:14","6103bdf721764fb518828775","not-Ysym"
"9FQ1D7wh8qgy",9,"survey-likert","1: I confirm","1: I will take it seriously","right","img/Right_Y_Symmetry_Angle.svg",0,23,"1: male",NA,"{""selection"":0}","2023-03-14 13:34:29","5ee5483b1dfa3b0ded826eee","not-Ysym"
"BRaquJdYhIHu",9,"survey-likert","1: I confirm","1: I will take it seriously","right","img/Right_Y_Symmetry_Angle.svg",0,51,"2: female",NA,"{""selection"":0}","2023-03-15 08:56:34","61582df626e9a020f1e55bc1","not-Ysym"
"Dh9Flvi2NmLJ",9,"survey-likert","1: I confirm","1: I will take it seriously","right","img/Right_Y_Symmetry_Angle.svg",0,62,"2: female","None that I noticed!","{""selection"":0}","2023-03-14 11:52:43","60cd45f3a4134f92558cc450","not-Ysym"
"GHwAcaRgGGzF",9,"survey-likert","1: I confirm","1: I will take it seriously","right","img/Right_Y_Symmetry_Angle.svg",0,34,"2: female",NA,"{""selection"":0}","2023-03-14 09:40:36","58df90cecc6d9800018c5d58","not-Ysym"
"GX1qfkBnqrVp",9,"survey-likert","1: I confirm","1: I will take it seriously","right","img/Right_Y_Symmetry_Angle.svg",2,60,"2: female",NA,"{""selection"":2}","2023-03-14 09:39:29","63d90a2c692f92abe798b97d","Ysym"
"IxzaektKAVRh",9,"survey-likert","1: I confirm","1: I will take it seriously","right","img/Right_Y_Symmetry_Angle.svg",0,67,"1: male","N/A","{""selection"":0}","2023-03-14 11:52:28","5dd2d8126ac608000a330132","not-Ysym"
"MXoXAQeWQhyv",9,"survey-likert","1: I confirm","1: I will take it seriously","right","img/Right_Y_Symmetry_Angle.svg",0,34,"2: female",NA,"{""selection"":0}","2023-03-15 09:49:21","5ea9e36155624e14a9a64525","not-Ysym"
"MiCcQI5TVekD",9,"survey-likert","1: I confirm","1: I will take it seriously","right","img/Right_Y_Symmetry_Angle.svg",2,33,"1: male",NA,"{""selection"":2}","2023-03-14 11:52:20","5fefb0bebc4c4d34bc87c903","Ysym"
"Nm1bUdEWader",9,"survey-likert","1: I confirm","1: I will take it seriously","right","img/Right_Y_Symmetry_Angle.svg",0,24,"2: female",NA,"{""selection"":0}","2023-03-15 12:17:45","63beb4bb524b8fb855c67726","not-Ysym"
"PG89pgyYsVEm",9,"survey-likert","1: I confirm","1: I will take it seriously","right","img/Right_Y_Symmetry_Angle.svg",1,60,"2: female",NA,"{""selection"":1}","2023-03-15 09:06:02","63b84157bb3eb77c442413e8","None"
"SflDfbSaV1mb",9,"survey-likert","1: I confirm","1: I will take it seriously","right","img/Right_Y_Symmetry_Angle.svg",0,37,"1: male",NA,"{""selection"":0}","2023-03-14 13:27:31","607ee7232fb723e021ea8bd5","not-Ysym"
"Sl84il4nrvvb",9,"survey-likert","1: I confirm","1: I will take it seriously","right","img/Right_Y_Symmetry_Angle.svg",0,44,"1: male",NA,"{""selection"":0}","2023-03-15 12:17:47","5f2a12f5837dd81e5881b7cc","not-Ysym"
"Sw4zHC9yzQcs",9,"survey-likert","1: I confirm","1: I will take it seriously","right","img/Right_Y_Symmetry_Angle.svg",0,27,"1: male",NA,"{""selection"":0}","2023-03-15 08:56:24","634dbe5b57e9d619ead26762","not-Ysym"
"WbrpFfmZcpDD",9,"survey-likert","1: I confirm","1: I will take it seriously","right","img/Right_Y_Symmetry_Angle.svg",0,31,"1: male",NA,"{""selection"":0}","2023-03-15 08:56:50","614ae916cbcaa6672b64cb04","not-Ysym"
"WnSfRqxUxanZ",9,"survey-likert","1: I confirm","1: I will take it seriously","right","img/Right_Y_Symmetry_Angle.svg",2,34,"1: male",NA,"{""selection"":2}","2023-03-14 13:27:20","63ecff84bb9fabf4fce42a97","Ysym"
"XnBjiInqELbx",9,"survey-likert","1: I confirm","1: I will take it seriously","right","img/Right_Y_Symmetry_Angle.svg",2,41,"1: male",NA,"{""selection"":2}","2023-03-15 12:17:46","5fdcd228539a382bc5e9fae5","Ysym"
"bLwhVS79kQFS",9,"survey-likert","1: I confirm","1: I will take it seriously","right","img/Right_Y_Symmetry_Angle.svg",0,31,"1: male",NA,"{""selection"":0}","2023-03-14 13:04:22","62e24e57de000abaa5b1c466","not-Ysym"
"i7O5zL2WYUne",9,"survey-likert","1: I confirm","1: I will take it seriously","right","img/Right_Y_Symmetry_Angle.svg",1,48,"2: female",NA,"{""selection"":1}","2023-03-14 13:27:38","5a7cb83a000dab00018c530b","None"
"iseze7cbRqYM",9,"survey-likert","1: I confirm","1: I will take it seriously","right","img/Right_Y_Symmetry_Angle.svg",0,44,"2: female","No errors or issues!","{""selection"":0}","2023-03-14 09:41:21","63fab901a6a29bd9c8b39f89","not-Ysym"
"l5Mw1d7y5xBy",9,"survey-likert","1: I confirm","1: I will take it seriously","right","img/Right_Y_Symmetry_Angle.svg",2,51,"2: female","N/A","{""selection"":2}","2023-03-14 13:01:04","5f901c39da08ae0598da82d5","Ysym"
"mBr9bVwwQTTX",9,"survey-likert","1: I confirm","1: I will take it seriously","right","img/Right_Y_Symmetry_Angle.svg",2,28,"1: male",NA,"{""selection"":2}","2023-03-15 12:17:43","631a1e0a08977908c8b03465","Ysym"
"nTIP1QxoOC8M",9,"survey-likert","1: I confirm","1: I will take it seriously","right","img/Right_Y_Symmetry_Angle.svg",0,41,"1: male",NA,"{""selection"":0}","2023-03-15 09:45:46","63d140059a1a559c554e7e68","not-Ysym"
"oGwI3YVAjf2t",9,"survey-likert","1: I confirm","1: I will take it seriously","right","img/Right_Y_Symmetry_Angle.svg",0,37,"2: female",NA,"{""selection"":0}","2023-03-14 13:04:07","59edbc25c0d35a0001295691","not-Ysym"
"oO65Q68DMAYb",9,"survey-likert","1: I confirm","1: I will take it seriously","right","img/Right_Y_Symmetry_Angle.svg",0,51,"1: male","all looked fine to me","{""selection"":0}","2023-03-14 12:59:17","5d6688aea9d26d0015737069","not-Ysym"
"osp2WgGB3n2A",9,"survey-likert","1: I confirm","1: I will take it seriously","right","img/Right_Y_Symmetry_Angle.svg",2,38,"1: male",NA,"{""selection"":2}","2023-03-15 08:58:05","64013c9995398300f47ad5f9","Ysym"
"rKRp1tk19yY3",9,"survey-likert","1: I confirm","1: I will take it seriously","right","img/Right_Y_Symmetry_Angle.svg",2,20,"1: male","none","{""selection"":2}","2023-03-14 13:15:25","60bbca0b760a60569cbfaa75","Ysym"
"v4wm24ERDePt",9,"survey-likert","1: I confirm","1: I will take it seriously","right","img/Right_Y_Symmetry_Angle.svg",0,43,"2: female","No.","{""selection"":0}","2023-03-14 13:34:46","5f0d5e8b03b5db770f95690d","not-Ysym"
"vaxH8Km3QOWf",9,"survey-likert","1: I confirm","1: I will take it seriously","right","img/Right_Y_Symmetry_Angle.svg",0,22,"2: female","NONE","{""selection"":0}","2023-03-15 09:45:33","5f3157b1180dcf0ddd82aef9","not-Ysym"
"zMXpuu9XTX6p",9,"survey-likert","1: I confirm","1: I will take it seriously","right","img/Right_Y_Symmetry_Angle.svg",2,60,"2: female","N/a","{""selection"":2}","2023-03-15 09:45:40","5d53bdc9b18d590018dac171","Ysym"
"0QkLW35MDrUr",10,"survey-likert","1: I confirm","1: I will take it seriously","right","img/Right_Y_Symmetry_X_Rotation.svg",0,57,"2: female",NA,"{""selection"":0}","2023-03-14 13:05:12","5c838a63532afd001506fd34","not-Ysym"
"2QrBrzEc9KIO",10,"survey-likert","1: I confirm","1: I will take it seriously","right","img/Right_Y_Symmetry_X_Rotation.svg",0,24,"3: non-binary",NA,"{""selection"":0}","2023-03-14 11:52:45","5e6bb512e18e0d03e89a7831","not-Ysym"
"2Y97LjFepnq6",10,"survey-likert","1: I confirm","1: I will take it seriously","right","img/Right_Y_Symmetry_X_Rotation.svg",0,36,"2: female",NA,"{""selection"":0}","2023-03-14 09:40:51","629750cb139217e17938e260","not-Ysym"
"2uETlxKnXlLT",10,"survey-likert","1: I confirm","1: I will take it seriously","right","img/Right_Y_Symmetry_X_Rotation.svg",1,46,"1: male",NA,"{""selection"":1}","2023-03-14 13:04:14","63d14a284cfd0c9986e7dfc2","None"
"31UpCoSL5FfN",10,"survey-likert","1: I confirm","1: I will take it seriously","right","img/Right_Y_Symmetry_X_Rotation.svg",0,53,"2: female",NA,"{""selection"":0}","2023-03-14 12:58:04","60e18c89acd5fb822f5291db","not-Ysym"
"3CI7ihA2SppH",10,"survey-likert","1: I confirm","1: I will take it seriously","right","img/Right_Y_Symmetry_X_Rotation.svg",0,57,"2: female",NA,"{""selection"":0}","2023-03-15 08:56:44","622bb4f79c52ad04bb91e752","not-Ysym"
"3D10qpkRCNnN",10,"survey-likert","1: I confirm","1: I will take it seriously","right","img/Right_Y_Symmetry_X_Rotation.svg",0,60,"1: male",NA,"{""selection"":0}","2023-03-14 13:27:40","5ac9069f1667e40001d889f2","not-Ysym"
"6W1gUiOTLZnM",10,"survey-likert","1: I confirm","1: I will take it seriously","right","img/Right_Y_Symmetry_X_Rotation.svg",0,30,"1: male",NA,"{""selection"":0}","2023-03-14 11:54:39","6120cea050e9bce18a162223","not-Ysym"
"7PtNtyCBvF9m",10,"survey-likert","1: I confirm","1: I will take it seriously","right","img/Right_Y_Symmetry_X_Rotation.svg",0,40,"2: female","N/A","{""selection"":0}","2023-03-15 08:57:32","57fb76a8bd8a970001fde35d","not-Ysym"
"8RaRZlqfhPq0",10,"survey-likert","1: I confirm","1: I will take it seriously","right","img/Right_Y_Symmetry_X_Rotation.svg",0,25,"2: female",NA,"{""selection"":0}","2023-03-15 12:15:51","57531fa03c680b00095dab92","not-Ysym"
"CvbEpu7pUNL6",10,"survey-likert","1: I confirm","1: I will take it seriously","right","img/Right_Y_Symmetry_X_Rotation.svg",0,26,"2: female",NA,"{""selection"":0}","2023-03-14 11:52:19","5c69499c949182000143510f","not-Ysym"
"JUwVqZcUxesZ",10,"survey-likert","1: I confirm","1: I will take it seriously","right","img/Right_Y_Symmetry_X_Rotation.svg",0,20,"1: male",NA,"{""selection"":0}","2023-03-14 11:51:57","5fe290a80f62f4e47cc3f3c0","not-Ysym"
"KpXi3LkGtfLB",10,"survey-likert","1: I confirm","1: I will take it seriously","right","img/Right_Y_Symmetry_X_Rotation.svg",0,25,"2: female",NA,"{""selection"":0}","2023-03-15 09:46:58","5fc6c26f0f72180970922f35","not-Ysym"
"NIVDWdcx2mQr",10,"survey-likert","1: I confirm","1: I will take it seriously","right","img/Right_Y_Symmetry_X_Rotation.svg",0,50,"1: male",NA,"{""selection"":0}","2023-03-14 13:35:36","60cf5ca7f7689965b747007c","not-Ysym"
"NQ8s7gf6FbQq",10,"survey-likert","1: I confirm","1: I will take it seriously","right","img/Right_Y_Symmetry_X_Rotation.svg",2,28,"1: male",NA,"{""selection"":2}","2023-03-15 09:45:43","634e460a7da3fef3d5a9faf3","Ysym"
"QFUuWWWxR3gg",10,"survey-likert","1: I confirm","1: I will take it seriously","right","img/Right_Y_Symmetry_X_Rotation.svg",2,29,"1: male",NA,"{""selection"":2}","2023-03-14 13:00:39","5f588f227723ca000cc5e08f","Ysym"
"QFcn1QSSthgV",10,"survey-likert","1: I confirm","1: I will take it seriously","right","img/Right_Y_Symmetry_X_Rotation.svg",0,59,"1: male",NA,"{""selection"":0}","2023-03-14 13:27:26","5f69f87e83dfd701bfc84b39","not-Ysym"
"R32HIkybQwVM",10,"survey-likert","1: I confirm","1: I will take it seriously","right","img/Right_Y_Symmetry_X_Rotation.svg",0,36,"2: female",NA,"{""selection"":0}","2023-03-14 13:27:14","5d810f1d569c4d0019ab0cee","not-Ysym"
"SrDztOEOBwv0",10,"survey-likert","1: I confirm","1: I will take it seriously","right","img/Right_Y_Symmetry_X_Rotation.svg",2,57,"2: female","none to add","{""selection"":2}","2023-03-14 11:52:30","577952778b3e2300016d6acf","Ysym"
"YYo0SzijaeiA",10,"survey-likert","1: I confirm","1: I will take it seriously","right","img/Right_Y_Symmetry_X_Rotation.svg",0,34,"1: male","Nothing at all, everything was great. Layout and presentation was excellent. I had no trouble understanding or following the instructions.","{""selection"":0}","2023-03-15 09:45:33","5f9802a1306ea3045e8c0b43","not-Ysym"
"fy6AICJjqUDE",10,"survey-likert","1: I confirm","1: I will take it seriously","right","img/Right_Y_Symmetry_X_Rotation.svg",0,40,"1: male","none","{""selection"":0}","2023-03-15 12:19:24","62c8391cd913ab9b5317d5f9","not-Ysym"
"guG4DWZuIa95",10,"survey-likert","1: I confirm","1: I will take it seriously","right","img/Right_Y_Symmetry_X_Rotation.svg",0,34,"2: female","No I did not experience any difficulties at all.","{""selection"":0}","2023-03-14 09:39:06","60a3cb60b3e2bdb82a865197","not-Ysym"
"iLPdQwHd698N",10,"survey-likert","1: I confirm","1: I will take it seriously","right","img/Right_Y_Symmetry_X_Rotation.svg",0,27,"2: female",NA,"{""selection"":0}","2023-03-14 09:34:42","6346c4b13753efab830182aa","not-Ysym"
"lnvSPR6Elzdb",10,"survey-likert","1: I confirm","1: I will take it seriously","right","img/Right_Y_Symmetry_X_Rotation.svg",0,34,"2: female",NA,"{""selection"":0}","2023-03-14 09:40:33","5ef120f9f3fefb0f91ec6e16","not-Ysym"
"qQK7mCv4d3Xz",10,"survey-likert","1: I confirm","1: I will take it seriously","right","img/Right_Y_Symmetry_X_Rotation.svg",2,27,"1: male",NA,"{""selection"":2}","2023-03-15 09:45:41","5a9b40af4eecca0001dd8523","Ysym"
"r8hlZ5Jv2cj4",10,"survey-likert","1: I confirm","1: I will take it seriously","right","img/Right_Y_Symmetry_X_Rotation.svg",0,42,"1: male",NA,"{""selection"":0}","2023-03-15 08:56:18","63cfee94707bca4ddee3eb05","not-Ysym"
"uFTrk6OqoHdE",10,"survey-likert","1: I confirm","1: I will take it seriously","right","img/Right_Y_Symmetry_X_Rotation.svg",0,34,"1: male",NA,"{""selection"":0}","2023-03-15 08:56:42","61017941304cf7ac38c2e110","not-Ysym"
"ui8XdvSUX93R",10,"survey-likert","1: I confirm","1: I will take it seriously","right","img/Right_Y_Symmetry_X_Rotation.svg",0,26,"2: female",NA,"{""selection"":0}","2023-03-14 12:51:02","5eeab676ab85911df1cbee3c","not-Ysym"
"vis2z9zbHkZ8",10,"survey-likert","1: I confirm","1: I will take it seriously","right","img/Right_Y_Symmetry_X_Rotation.svg",1,63,"2: female",NA,"{""selection"":1}","2023-03-14 13:27:43","5c607179ced0b900018cbe28","None"
"x9cnXeoCeVEA",10,"survey-likert","1: I confirm","1: I will take it seriously","right","img/Right_Y_Symmetry_X_Rotation.svg",0,45,"1: male","none","{""selection"":0}","2023-03-15 09:06:04","5ee1311e3348314f4f4a8d30","not-Ysym"
"02Y9rbxhsNdJ",11,"survey-likert","1: I confirm","1: I will take it seriously","right","img/Right_Y_Symmetry_X_Rotation_180.svg",0,45,"2: female","none","{""selection"":0}","2023-03-14 11:52:10","5e7c8696aaaa890009345427","not-Ysym"
"0BwBtyTflEOL",11,"survey-likert","1: I confirm","1: I will take it seriously","right","img/Right_Y_Symmetry_X_Rotation_180.svg",0,33,"1: male",NA,"{""selection"":0}","2023-03-14 12:59:45","60bddcd773995fd294521e32","not-Ysym"
"0HM7sgirjw7C",11,"survey-likert","1: I confirm","1: I will take it seriously","right","img/Right_Y_Symmetry_X_Rotation_180.svg",0,21,"1: male",NA,"{""selection"":0}","2023-03-15 11:44:50","628e68a3c9d95b8cb7585324","not-Ysym"
"1h8bobi86Mai",11,"survey-likert","1: I confirm","1: I will take it seriously","right","img/Right_Y_Symmetry_X_Rotation_180.svg",1,32,"2: female",NA,"{""selection"":1}","2023-03-15 09:45:41","5d5dc11be678b00018c1e497","None"
"2g1cw1Ud1iZk",11,"survey-likert","1: I confirm","1: I will take it seriously","right","img/Right_Y_Symmetry_X_Rotation_180.svg",1,29,"2: female",NA,"{""selection"":1}","2023-03-14 11:55:21","63d7f3023299e6f52ede993d","None"
"4uD2VrLaw9Bv",11,"survey-likert","1: I confirm","1: I will take it seriously","right","img/Right_Y_Symmetry_X_Rotation_180.svg",2,36,"1: male",NA,"{""selection"":2}","2023-03-15 09:52:08","63ea42db4a818f990ef95828","Ysym"
"9tDY6uBJQs2Z",11,"survey-likert","1: I confirm","1: I will take it seriously","right","img/Right_Y_Symmetry_X_Rotation_180.svg",0,38,"2: female","n/a","{""selection"":0}","2023-03-14 09:39:53","5f69fe3c1acc2b021e1de5cb","not-Ysym"
"E5hUu6HVPOIM",11,"survey-likert","1: I confirm","1: I will take it seriously","right","img/Right_Y_Symmetry_X_Rotation_180.svg",2,58,"2: female",NA,"{""selection"":2}","2023-03-14 12:53:55","5b22507515a3250001f0ad78","Ysym"
"ErRFJGScejfF",11,"survey-likert","1: I confirm","1: I will take it seriously","right","img/Right_Y_Symmetry_X_Rotation_180.svg",0,38,"2: female",NA,"{""selection"":0}","2023-03-14 09:40:13","58fa36995214e3000193281c","not-Ysym"
"Kh7LxYAziUla",11,"survey-likert","1: I confirm","1: I will take it seriously","right","img/Right_Y_Symmetry_X_Rotation_180.svg",0,29,"1: male",NA,"{""selection"":0}","2023-03-14 13:27:32","628f6adcc2f8f5d3d42113e3","not-Ysym"
"PEF38Ybb0Yo1",11,"survey-likert","1: I confirm","1: I will take it seriously","right","img/Right_Y_Symmetry_X_Rotation_180.svg",0,41,"1: male","None","{""selection"":0}","2023-03-15 09:45:43","63e52c5f3f35059ca0272e19","not-Ysym"
"QgdDfmRUc653",11,"survey-likert","1: I confirm","1: I will take it seriously","right","img/Right_Y_Symmetry_X_Rotation_180.svg",0,44,"1: male",NA,"{""selection"":0}","2023-03-14 13:27:15","5a69d77a56585a0001633482","not-Ysym"
"QxbBrH5wNagT",11,"survey-likert","1: I confirm","1: I will take it seriously","right","img/Right_Y_Symmetry_X_Rotation_180.svg",1,25,"4: prefer not to say","It all seemed very good.","{""selection"":1}","2023-03-14 13:02:06","63cff27876794f803a527814","None"
"S1CdxjuZmCQ1",11,"survey-likert","1: I confirm","1: I will take it seriously","right","img/Right_Y_Symmetry_X_Rotation_180.svg",2,59,"1: male","When the first picture appeared only the shadows of the astronauts were visible. The images of the people in spacesuits only appeared after some time (possibly after I clicked to continue but I can't exactly remember).","{""selection"":2}","2023-03-14 12:56:57","547272b4fdf99b44c5647418","Ysym"
"THic5qRbCCkg",11,"survey-likert","1: I confirm","1: I will take it seriously","right","img/Right_Y_Symmetry_X_Rotation_180.svg",0,26,"2: female",NA,"{""selection"":0}","2023-03-14 13:34:44","5e5bf2d23ff8553d87edd445","not-Ysym"
"XMGrBX6yuAmp",11,"survey-likert","1: I confirm","1: I will take it seriously","right","img/Right_Y_Symmetry_X_Rotation_180.svg",0,62,"1: male",NA,"{""selection"":0}","2023-03-14 13:27:39","5c5208dee3209c000177e957","not-Ysym"
"ZM8Gh9J6mpw2",11,"survey-likert","1: I confirm","1: I will take it seriously","right","img/Right_Y_Symmetry_X_Rotation_180.svg",0,62,"2: female",NA,"{""selection"":0}","2023-03-15 08:56:40","5eba9c85d1130507bd1a6219","not-Ysym"
"aoanXenofs4A",11,"survey-likert","1: I confirm","1: I will take it seriously","right","img/Right_Y_Symmetry_X_Rotation_180.svg",0,24,"1: male",NA,"{""selection"":0}","2023-03-14 11:52:39","5e2737725b323795f4add395","not-Ysym"
"eQfKCAMd69Fh",11,"survey-likert","1: I confirm","1: I will take it seriously","right","img/Right_Y_Symmetry_X_Rotation_180.svg",2,53,"1: male","None","{""selection"":2}","2023-03-14 09:38:39","57d56562a0e8ce00015439c7","Ysym"
"fg5ZifLf9WT6",11,"survey-likert","1: I confirm","1: I will take it seriously","right","img/Right_Y_Symmetry_X_Rotation_180.svg",0,33,"1: male",NA,"{""selection"":0}","2023-03-15 12:19:58","63e63b598f21333bbb583e21","not-Ysym"
"fhkIa5oNnxUT",11,"survey-likert","1: I confirm","1: I will take it seriously","right","img/Right_Y_Symmetry_X_Rotation_180.svg",0,38,"1: male","No issues, easy to complete, thank you","{""selection"":0}","2023-03-15 08:57:05","63cb90a272ab9207299a085f","not-Ysym"
"iGBpNaD5Stsc",11,"survey-likert","1: I confirm","1: I will take it seriously","right","img/Right_Y_Symmetry_X_Rotation_180.svg",2,25,"2: female","None","{""selection"":2}","2023-03-14 13:13:06","6346fea94af35d1f760c5761","Ysym"
"jVarx2wBFbK7",11,"survey-likert","1: I confirm","1: I will take it seriously","right","img/Right_Y_Symmetry_X_Rotation_180.svg",0,32,"2: female",NA,"{""selection"":0}","2023-03-14 11:52:39","616f337c287cb7972c92cacb","not-Ysym"
"lg61hz4SMQIH",11,"survey-likert","1: I confirm","1: I will take it seriously","right","img/Right_Y_Symmetry_X_Rotation_180.svg",1,51,"2: female","there were no errors","{""selection"":1}","2023-03-15 08:56:46","60b8f2c365ec36a3395896b6","None"
"n7RAKegEQpEO",11,"survey-likert","1: I confirm","1: I will take it seriously","right","img/Right_Y_Symmetry_X_Rotation_180.svg",0,41,"1: male",NA,"{""selection"":0}","2023-03-14 13:27:47","580b2aae94364b00011f4eb4","not-Ysym"
"palHmTiolt79",11,"survey-likert","1: I confirm","1: I will take it seriously","right","img/Right_Y_Symmetry_X_Rotation_180.svg",0,41,"2: female",NA,"{""selection"":0}","2023-03-14 09:41:15","61449269c23dcad4e01c9f94","not-Ysym"
"sBCxP30h8Xcu",11,"survey-likert","1: I confirm","1: I will take it seriously","right","img/Right_Y_Symmetry_X_Rotation_180.svg",1,22,"1: male",NA,"{""selection"":1}","2023-03-15 09:02:37","62c9e5f7ad5a36ab331103bb","None"
"sOsBldNvdifj",11,"survey-likert","1: I confirm","1: I will take it seriously","right","img/Right_Y_Symmetry_X_Rotation_180.svg",2,35,"1: male",NA,"{""selection"":2}","2023-03-15 08:56:31","63d13e58790d868737b2e3bc","Ysym"
"tRRGqb5EfdXO",11,"survey-likert","1: I confirm","1: I will take it seriously","right","img/Right_Y_Symmetry_X_Rotation_180.svg",0,49,"2: female","n/a","{""selection"":0}","2023-03-14 09:41:13","606ec7f98cb8b08a1c7620e0","not-Ysym"
"vKuXnkeRFOFa",11,"survey-likert","1: I confirm","1: I will take it seriously","right","img/Right_Y_Symmetry_X_Rotation_180.svg",0,30,"1: male",NA,"{""selection"":0}","2023-03-15 09:45:30","5dc3224ff3795b23e5ec7c65","not-Ysym"
"2IJXBU3azP0r",12,"survey-likert","1: I confirm","1: I will take it seriously","right","img/Right_Y_Symmetry_X_Symmetry.svg",0,22,"2: female",NA,"{""selection"":0}","2023-03-14 09:41:32","609d2eaec9e14148cf83ab33","not-Ysym"
"4b0KAY5K8vJC",12,"survey-likert","1: I confirm","1: I will take it seriously","right","img/Right_Y_Symmetry_X_Symmetry.svg",0,35,"1: male",NA,"{""selection"":0}","2023-03-15 12:20:47","62b1e4dfa33a3d444584c8b3","not-Ysym"
"8KF4H2X8ADge",12,"survey-likert","1: I confirm","1: I will take it seriously","right","img/Right_Y_Symmetry_X_Symmetry.svg",2,60,"2: female","None","{""selection"":2}","2023-03-15 09:46:34","56a7da16c89737000b22953c","Ysym"
"9tP9ueqtIYRo",12,"survey-likert","1: I confirm","1: I will take it seriously","right","img/Right_Y_Symmetry_X_Symmetry.svg",1,32,"2: female","no faults","{""selection"":1}","2023-03-15 09:06:07","62ed30a6512276712a33e96d","None"
"B4g3FdcKyu6h",12,"survey-likert","1: I confirm","1: I will take it seriously","right","img/Right_Y_Symmetry_X_Symmetry.svg",0,28,"2: female",NA,"{""selection"":0}","2023-03-15 08:56:39","5fb2808bf1937b872c6ad534","not-Ysym"
"FT4XYmJWjEe0",12,"survey-likert","1: I confirm","1: I will take it seriously","right","img/Right_Y_Symmetry_X_Symmetry.svg",0,37,"1: male",NA,"{""selection"":0}","2023-03-15 12:19:49","614e43c148febeb17c93e998","not-Ysym"
"GSmBVnl304Vs",12,"survey-likert","1: I confirm","1: I will take it seriously","right","img/Right_Y_Symmetry_X_Symmetry.svg",0,29,"2: female","none","{""selection"":0}","2023-03-14 12:49:50","5fd66c119e1fc75723a40b51","not-Ysym"
"KYQ9Y912HiBq",12,"survey-likert","1: I confirm","1: I will take it seriously","right","img/Right_Y_Symmetry_X_Symmetry.svg",2,20,"1: male",NA,"{""selection"":2}","2023-03-14 13:05:31","6310d903f849c97fe4846350","Ysym"
"RlP9GUSbAXD8",12,"survey-likert","1: I confirm","1: I will take it seriously","right","img/Right_Y_Symmetry_X_Symmetry.svg",0,40,"2: female",NA,"{""selection"":0}","2023-03-14 09:40:31","5d6fbcebc3eaed00019fccbc","not-Ysym"
"SWL5Pp2HtANI",12,"survey-likert","1: I confirm","1: I will take it seriously","right","img/Right_Y_Symmetry_X_Symmetry.svg",0,41,"1: male",NA,"{""selection"":0}","2023-03-14 09:39:31","60b1afe02374e9eb327e0672","not-Ysym"
"Sb60jlehTocy",12,"survey-likert","1: I confirm","1: I will take it seriously","right","img/Right_Y_Symmetry_X_Symmetry.svg",2,57,"2: female",NA,"{""selection"":2}","2023-03-15 09:45:36","56b78f11e77ebe000cbefe79","Ysym"
"TC0JCXooGaxs",12,"survey-likert","1: I confirm","1: I will take it seriously","right","img/Right_Y_Symmetry_X_Symmetry.svg",0,48,"1: male",NA,"{""selection"":0}","2023-03-14 13:27:44","5d374fda6cb61f001936bdc9","not-Ysym"
"WOCIwtkjZCCB",12,"survey-likert","1: I confirm","1: I will take it seriously","right","img/Right_Y_Symmetry_X_Symmetry.svg",0,40,"2: female",NA,"{""selection"":0}","2023-03-15 08:56:46","60affbb6c7f40f915c003533","not-Ysym"
"YSlFakTpCwDZ",12,"survey-likert","1: I confirm","1: I will take it seriously","right","img/Right_Y_Symmetry_X_Symmetry.svg",2,43,"1: male",NA,"{""selection"":2}","2023-03-15 09:45:41","5e370bc58390cf6992ba7b1f","Ysym"
"aiNaEaa2WOKX",12,"survey-likert","1: I confirm","1: I will take it seriously","right","img/Right_Y_Symmetry_X_Symmetry.svg",0,35,"2: female",NA,"{""selection"":0}","2023-03-14 13:27:16","61471e59032755e55576414a","not-Ysym"
"cPQYnYeYghnH",12,"survey-likert","1: I confirm","1: I will take it seriously","right","img/Right_Y_Symmetry_X_Symmetry.svg",1,32,"2: female",NA,"{""selection"":1}","2023-03-14 11:52:23","5d0e091ccd9c9300191cb9c9","None"
"dJWi11Rd47do",12,"survey-likert","1: I confirm","1: I will take it seriously","right","img/Right_Y_Symmetry_X_Symmetry.svg",0,41,"2: female",NA,"{""selection"":0}","2023-03-15 12:20:48","5c8acd990e37fb0001006bdf","not-Ysym"
"kEcJuz0iCwlW",12,"survey-likert","1: I confirm","1: I will take it seriously","right","img/Right_Y_Symmetry_X_Symmetry.svg",0,64,"2: female",NA,"{""selection"":0}","2023-03-14 11:52:46","6376b5f0d01f86af62423b8b","not-Ysym"
"kRKNAKCQ9IvR",12,"survey-likert","1: I confirm","1: I will take it seriously","right","img/Right_Y_Symmetry_X_Symmetry.svg",0,29,"1: male","N/A","{""selection"":0}","2023-03-14 09:27:49","5fad28d8cf22483c1433ca0f","not-Ysym"
"kWBgBVSJveBK",12,"survey-likert","1: I confirm","1: I will take it seriously","right","img/Right_Y_Symmetry_X_Symmetry.svg",2,27,"2: female",NA,"{""selection"":2}","2023-03-14 11:52:03","63d13e25035e1d2771922c07","Ysym"
"lazzseJY0g9R",12,"survey-likert","1: I confirm","1: I will take it seriously","right","img/Right_Y_Symmetry_X_Symmetry.svg",2,42,"2: female",NA,"{""selection"":2}","2023-03-15 08:56:23","59915fd2b83f800001a5e339","Ysym"
"leziP0c8OiDM",12,"survey-likert","1: I confirm","1: I will take it seriously","right","img/Right_Y_Symmetry_X_Symmetry.svg",0,28,"2: female","None","{""selection"":0}","2023-03-14 13:34:42","6108856627c8dc1e45894c37","not-Ysym"
"lsk7QgtbsUjQ",12,"survey-likert","1: I confirm","1: I will take it seriously","right","img/Right_Y_Symmetry_X_Symmetry.svg",0,50,"2: female",NA,"{""selection"":0}","2023-03-14 11:52:37","595e4bef84f571000111ca04","not-Ysym"
"luHqy47knIQm",12,"survey-likert","1: I confirm","1: I will take it seriously","right","img/Right_Y_Symmetry_X_Symmetry.svg",0,31,"1: male","None","{""selection"":0}","2023-03-15 11:44:42","5c6d31b04e6ad40001f0b5c2","not-Ysym"
"r2UzhznmQ62V",12,"survey-likert","1: I confirm","1: I will take it seriously","right","img/Right_Y_Symmetry_X_Symmetry.svg",0,36,"2: female",NA,"{""selection"":0}","2023-03-14 12:59:24","5e7ef67e6690425cddb787d6","not-Ysym"
"sOAcxWlsayj6",12,"survey-likert","1: I confirm","1: I will take it seriously","right","img/Right_Y_Symmetry_X_Symmetry.svg",0,33,"1: male",NA,"{""selection"":0}","2023-03-15 12:20:49","63d7c9fffb5e9992ca72df9f","not-Ysym"
"sW5KOjIo9IWj",12,"survey-likert","1: I confirm","1: I will take it seriously","right","img/Right_Y_Symmetry_X_Symmetry.svg",1,35,"1: male","There were no errors.","{""selection"":1}","2023-03-15 09:06:00","5a94ee9bf6dfdd0001ea50f1","None"
"ssNwKHDKMPNq",12,"survey-likert","1: I confirm","1: I will take it seriously","right","img/Right_Y_Symmetry_X_Symmetry.svg",0,52,"2: female",NA,"{""selection"":0}","2023-03-14 13:02:15","5de39f38a1a3fb39ee68f7ab","not-Ysym"
"xLJE5JqRKipD",12,"survey-likert","1: I confirm","1: I will take it seriously","right","img/Right_Y_Symmetry_X_Symmetry.svg",2,52,"2: female",NA,"{""selection"":2}","2023-03-14 13:27:36","612fd7e2ff930c4ce9acfa4e","Ysym"
"yisHWBUGiRNY",12,"survey-likert","1: I confirm","1: I will take it seriously","right","img/Right_Y_Symmetry_X_Symmetry.svg",0,50,"2: female",NA,"{""selection"":0}","2023-03-14 09:40:48","63a41937361b2973ede73bc3","not-Ysym"
"8P53uj00fdGG",13,"survey-likert","1: I confirm","1: I will take it seriously","right","img/Right_Y_Symmetry_Y_Translation.svg",1,57,"2: female","none","{""selection"":1}","2023-03-14 13:28:27","588d4876b08cc30001b77a5e","None"
"BNVvHjfnyeVk",13,"survey-likert","1: I confirm","1: I will take it seriously","right","img/Right_Y_Symmetry_Y_Translation.svg",2,35,"1: male",NA,"{""selection"":2}","2023-03-15 08:56:31","5cca199061e0b90017809cb7","Ysym"
"CUZBlivK34UV",13,"survey-likert","1: I confirm","1: I will take it seriously","right","img/Right_Y_Symmetry_Y_Translation.svg",2,22,"2: female",NA,"{""selection"":2}","2023-03-14 13:01:16","5f4e0edcc541ccaf7a8f11c4","Ysym"
"CXyCJvyokRqm",13,"survey-likert","1: I confirm","1: I will take it seriously","right","img/Right_Y_Symmetry_Y_Translation.svg",2,72,"1: male",NA,"{""selection"":2}","2023-03-15 08:56:45","5ca102f57114700016da340d","Ysym"
"CwyxGXzANzPw",13,"survey-likert","1: I confirm","1: I will take it seriously","right","img/Right_Y_Symmetry_Y_Translation.svg",1,25,"2: female","none","{""selection"":1}","2023-03-14 12:56:44","602603f9a70f0422cf0c9189","None"
"JGOTDE90sGH9",13,"survey-likert","1: I confirm","1: I will take it seriously","right","img/Right_Y_Symmetry_Y_Translation.svg",0,66,"2: female",NA,"{""selection"":0}","2023-03-14 11:52:41","56cf595331a5bc000be1c8c9","not-Ysym"
"KEJskoTgSA8H",13,"survey-likert","1: I confirm","1: I will take it seriously","right","img/Right_Y_Symmetry_Y_Translation.svg",2,29,"2: female",NA,"{""selection"":2}","2023-03-15 08:57:18","6151bf4534aa392b1703a11d","Ysym"
"KOYIIOZuQHZj",13,"survey-likert","1: I confirm","1: I will take it seriously","right","img/Right_Y_Symmetry_Y_Translation.svg",0,57,"1: male",NA,"{""selection"":0}","2023-03-14 13:27:35","63ede804714d93794f904621","not-Ysym"
"NCj1D87TlPYw",13,"survey-likert","1: I confirm","1: I will take it seriously","right","img/Right_Y_Symmetry_Y_Translation.svg",1,45,"1: male",NA,"{""selection"":1}","2023-03-15 09:45:39","63d16bb09fbf6b74afb1a010","None"
"OF1FbHIudPBM",13,"survey-likert","1: I confirm","1: I will take it seriously","right","img/Right_Y_Symmetry_Y_Translation.svg",1,48,"1: male","No errors","{""selection"":1}","2023-03-15 12:21:30","63dad9e2dd58781d74bfa642","None"
"PRdU8WOevJMa",13,"survey-likert","1: I confirm","1: I will take it seriously","right","img/Right_Y_Symmetry_Y_Translation.svg",0,31,"1: male",NA,"{""selection"":0}","2023-03-14 13:27:25","63d9a2f4809dc6997a950a35","not-Ysym"
"RIJY093r1wlS",13,"survey-likert","1: I confirm","1: I will take it seriously","right","img/Right_Y_Symmetry_Y_Translation.svg",2,52,"2: female",NA,"{""selection"":2}","2023-03-15 09:46:34","63cd7a3a732f2688dbae1fde","Ysym"
"UPhERmNLI5X3",13,"survey-likert","1: I confirm","1: I will take it seriously","right","img/Right_Y_Symmetry_Y_Translation.svg",0,31,"2: female",NA,"{""selection"":0}","2023-03-14 09:41:04","6148a1647561ba33c4a3a7d2","not-Ysym"
"WOuSaxHWxPQu",13,"survey-likert","1: I confirm","1: I will take it seriously","right","img/Right_Y_Symmetry_Y_Translation.svg",1,35,"2: female",NA,"{""selection"":1}","2023-03-14 13:13:00","60818798de4cce19f740cb58","None"
"amhbHDGGePri",13,"survey-likert","1: I confirm","1: I will take it seriously","right","img/Right_Y_Symmetry_Y_Translation.svg",2,31,"2: female",NA,"{""selection"":2}","2023-03-14 13:03:28","628f6f85d192d1fee0014ef0","Ysym"
"bjU4Vi82Xccz",13,"survey-likert","1: I confirm","1: I will take it seriously","right","img/Right_Y_Symmetry_Y_Translation.svg",0,40,"1: male",NA,"{""selection"":0}","2023-03-14 13:34:31","62cbebd0b3641f4745d7c863","not-Ysym"
"bmQSoM0TXuIO",13,"survey-likert","1: I confirm","1: I will take it seriously","right","img/Right_Y_Symmetry_Y_Translation.svg",0,32,"2: female",NA,"{""selection"":0}","2023-03-14 11:52:34","5e076921dc85350e8bd07ede","not-Ysym"
"chyVlPrTSHq7",13,"survey-likert","1: I confirm","1: I will take it seriously","right","img/Right_Y_Symmetry_Y_Translation.svg",2,51,"1: male",NA,"{""selection"":2}","2023-03-15 08:56:32","63db6fc95731ea1965e7efeb","Ysym"
"d331QYr78wbw",13,"survey-likert","1: I confirm","1: I will take it seriously","right","img/Right_Y_Symmetry_Y_Translation.svg",0,26,"1: male","No errors :)","{""selection"":0}","2023-03-14 12:52:35","601c55c151c0bc758c3340ba","not-Ysym"
"iEhz0Gsnyfv8",13,"survey-likert","1: I confirm","1: I will take it seriously","right","img/Right_Y_Symmetry_Y_Translation.svg",0,26,"1: male",NA,"{""selection"":0}","2023-03-15 11:44:45","63dfd8d75c69c1ee209e599b","not-Ysym"
"k4CyWVTnFL8b",13,"survey-likert","1: I confirm","1: I will take it seriously","right","img/Right_Y_Symmetry_Y_Translation.svg",0,42,"1: male",NA,"{""selection"":0}","2023-03-14 12:07:47","59f516147086f80001941343","not-Ysym"
"mVNQ1g5WaVXr",13,"survey-likert","1: I confirm","1: I will take it seriously","right","img/Right_Y_Symmetry_Y_Translation.svg",0,46,"2: female","none","{""selection"":0}","2023-03-15 09:45:43","60fcb9656c917ce87f068faf","not-Ysym"
"od8iwx1HNSnn",13,"survey-likert","1: I confirm","1: I will take it seriously","right","img/Right_Y_Symmetry_Y_Translation.svg",0,32,"2: female","none","{""selection"":0}","2023-03-15 09:45:33","63d3f9cea745c891beb282d7","not-Ysym"
"oilmWbMa0o3y",13,"survey-likert","1: I confirm","1: I will take it seriously","right","img/Right_Y_Symmetry_Y_Translation.svg",0,27,"1: male","N/A","{""selection"":0}","2023-03-14 11:52:12","5b170586c9d3cb00010fda70","not-Ysym"
"ooflUCP60fYG",13,"survey-likert","1: I confirm","1: I will take it seriously","right","img/Right_Y_Symmetry_Y_Translation.svg",0,26,"2: female",NA,"{""selection"":0}","2023-03-14 09:39:03","616afbc8492bc24f909b4434","not-Ysym"
"plrtpo1mGHC2",13,"survey-likert","1: I confirm","1: I will take it seriously","right","img/Right_Y_Symmetry_Y_Translation.svg",0,39,"2: female","none","{""selection"":0}","2023-03-14 11:52:25","5b99238d30357200010c9ddc","not-Ysym"
"qx4dUIbJf1lm",13,"survey-likert","1: I confirm","1: I will take it seriously","right","img/Right_Y_Symmetry_Y_Translation.svg",0,66,"2: female",NA,"{""selection"":0}","2023-03-14 09:35:24","56cda8a952789e000b3d9925","not-Ysym"
"snnNx238qM1q",13,"survey-likert","1: I confirm","1: I will take it seriously","right","img/Right_Y_Symmetry_Y_Translation.svg",0,34,"2: female","none","{""selection"":0}","2023-03-14 09:40:11","59ada0805ea0f30001281732","not-Ysym"
"vV6adjfKrhy0",13,"survey-likert","1: I confirm","1: I will take it seriously","right","img/Right_Y_Symmetry_Y_Translation.svg",1,36,"2: female","none","{""selection"":1}","2023-03-14 09:51:18","5b45ecc2dfd85a0001b7db6f","None"
"xHC23x04e7Jp",13,"survey-likert","1: I confirm","1: I will take it seriously","right","img/Right_Y_Symmetry_Y_Translation.svg",2,47,"1: male","None","{""selection"":2}","2023-03-15 12:21:26","5db0e17518230d00170d4332","Ysym"
"3WINUAQjdSf1",14,"survey-likert","1: I confirm","1: I will take it seriously","right","img/Right_Y_Symmetry_X_Translation.svg",1,54,"2: female",NA,"{""selection"":1}","2023-03-14 11:52:43","60ca90c5c392ce24e1bb64f6","None"
"3fjOCfRpz8CR",14,"survey-likert","1: I confirm","1: I will take it seriously","right","img/Right_Y_Symmetry_X_Translation.svg",0,24,"1: male","no errors encountred
","{""selection"":0}","2023-03-15 08:56:49","60c7f0970b31e00de07b8131","not-Ysym"
"3h44mUfL79z3",14,"survey-likert","1: I confirm","1: I will take it seriously","right","img/Right_Y_Symmetry_X_Translation.svg",1,32,"1: male",NA,"{""selection"":1}","2023-03-14 12:58:47","63d7af28d881578c3105d626","None"
"4AjcXRCakKYg",14,"survey-likert","1: I confirm","1: I will take it seriously","right","img/Right_Y_Symmetry_X_Translation.svg",1,22,"1: male",NA,"{""selection"":1}","2023-03-15 09:02:55","62eac88dc8087b43cdf64480","None"
"4qBpFLhnAbia",14,"survey-likert","1: I confirm","1: I will take it seriously","right","img/Right_Y_Symmetry_X_Translation.svg",2,33,"2: female",NA,"{""selection"":2}","2023-03-14 12:53:20","628f78a416ec0b7214d8d96e","Ysym"
"5tIjTnQFsBII",14,"survey-likert","1: I confirm","1: I will take it seriously","right","img/Right_Y_Symmetry_X_Translation.svg",2,41,"1: male",NA,"{""selection"":2}","2023-03-14 11:52:02","5f622fbe1fbbd21051cb28b3","Ysym"
"7ORBlvCBO1MQ",14,"survey-likert","1: I confirm","1: I will take it seriously","right","img/Right_Y_Symmetry_X_Translation.svg",2,36,"1: male",NA,"{""selection"":2}","2023-03-14 09:38:43","5f48e8c79603e33b8f3a3518","Ysym"
"7v3QELFkLkfj",14,"survey-likert","1: I confirm","1: I will take it seriously","right","img/Right_Y_Symmetry_X_Translation.svg",2,61,"2: female",NA,"{""selection"":2}","2023-03-14 13:27:51","6229dbeebf010053193d5f4f","Ysym"
"81ZTx0Cj5mlO",14,"survey-likert","1: I confirm","1: I will take it seriously","right","img/Right_Y_Symmetry_X_Translation.svg",2,20,"2: female",NA,"{""selection"":2}","2023-03-15 09:46:03","61fa9085d42cb19beec4915d","Ysym"
"8oFbBIYAIbPq",14,"survey-likert","1: I confirm","1: I will take it seriously","right","img/Right_Y_Symmetry_X_Translation.svg",2,38,"2: female","None","{""selection"":2}","2023-03-15 09:45:40","5cbb3393114fa50001ac523f","Ysym"
"9UxiQxScECLv",14,"survey-likert","1: I confirm","1: I will take it seriously","right","img/Right_Y_Symmetry_X_Translation.svg",2,50,"2: female",NA,"{""selection"":2}","2023-03-15 11:55:22","63b0446fb36462cc35c213be","Ysym"
"CKTzSNgZX9Zw",14,"survey-likert","1: I confirm","1: I will take it seriously","right","img/Right_Y_Symmetry_X_Translation.svg",0,45,"3: non-binary",NA,"{""selection"":0}","2023-03-14 13:27:18","5e85c06c20811f026d044ead","not-Ysym"
"E5Is4T8aJ2M6",14,"survey-likert","1: I confirm","1: I will take it seriously","right","img/Right_Y_Symmetry_X_Translation.svg",2,34,"2: female","n/a","{""selection"":2}","2023-03-14 13:34:43","5be883c833f40a0001032d5f","Ysym"
"EgxpriH2K4Tj",14,"survey-likert","1: I confirm","1: I will take it seriously","right","img/Right_Y_Symmetry_X_Translation.svg",2,21,"2: female",NA,"{""selection"":2}","2023-03-14 13:27:25","6054954c92cb084f6ef88412","Ysym"
"Ev4qeSAtxOL7",14,"survey-likert","1: I confirm","1: I will take it seriously","right","img/Right_Y_Symmetry_X_Translation.svg",2,64,"1: male",NA,"{""selection"":2}","2023-03-14 13:01:25","6287d42f330fa90651739a48","Ysym"
"I7J9ZT9NJKyA",14,"survey-likert","1: I confirm","1: I will take it seriously","right","img/Right_Y_Symmetry_X_Translation.svg",1,30,"1: male",NA,"{""selection"":1}","2023-03-14 11:52:33","628bef28fbe03c493fe63f57","None"
"NOIaHsJsp9Q1",14,"survey-likert","1: I confirm","1: I will take it seriously","right","img/Right_Y_Symmetry_X_Translation.svg",2,46,"1: male",NA,"{""selection"":2}","2023-03-14 09:40:03","62e2924a1527cb4bdb17022d","Ysym"
"PKh8QFwN0ktA",14,"survey-likert","1: I confirm","1: I will take it seriously","right","img/Right_Y_Symmetry_X_Translation.svg",0,37,"1: male","no errors all was fine","{""selection"":0}","2023-03-15 09:45:30","63e830d4b01a246c722a5a5f","not-Ysym"
"SdhZ7VKHAhWz",14,"survey-likert","1: I confirm","1: I will take it seriously","right","img/Right_Y_Symmetry_X_Translation.svg",1,26,"1: male",NA,"{""selection"":1}","2023-03-14 13:03:51","5cadc3868ac2b70001db1ac6","None"
"TDWF1Y0xWDt0",14,"survey-likert","1: I confirm","1: I will take it seriously","right","img/Right_Y_Symmetry_X_Translation.svg",2,26,"1: male",NA,"{""selection"":2}","2023-03-14 13:34:44","63d11755441f430fe174fa2e","Ysym"
"TPDNKvlvgYir",14,"survey-likert","1: I confirm","1: I will take it seriously","right","img/Right_Y_Symmetry_X_Translation.svg",1,72,"1: male",NA,"{""selection"":1}","2023-03-14 09:40:45","5ae0b4bfeb6040000153bbc8","None"
"TkS3HNFaojYd",14,"survey-likert","1: I confirm","1: I will take it seriously","right","img/Right_Y_Symmetry_X_Translation.svg",2,30,"1: male",NA,"{""selection"":2}","2023-03-15 12:23:15","6329e5f4b69d5839344c8d6c","Ysym"
"Ub7LwksnRjO3",14,"survey-likert","1: I confirm","1: I will take it seriously","right","img/Right_Y_Symmetry_X_Translation.svg",2,36,"1: male","n/a","{""selection"":2}","2023-03-15 12:23:05","5edec2b3e095321650bddc22","Ysym"
"VHOcrWd9t2E9",14,"survey-likert","1: I confirm","1: I will take it seriously","right","img/Right_Y_Symmetry_X_Translation.svg",2,45,"1: male","Not an error exactly, but your text says 'below is a photograph of what they saw'.  Probably makes more sense to say 'an illustration' since it wasn't photorealistic.  Just a minor point that won't affect the outcome of your study.","{""selection"":2}","2023-03-15 08:56:30","61bb370240db417c1a138986","Ysym"
"Zy5XA9Q9DD3r",14,"survey-likert","1: I confirm","1: I will take it seriously","right","img/Right_Y_Symmetry_X_Translation.svg",1,26,"1: male",NA,"{""selection"":1}","2023-03-14 13:27:40","60d8bf04fd40415d77f3bb51","None"
"mTXg2hQ35hAM",14,"survey-likert","1: I confirm","1: I will take it seriously","right","img/Right_Y_Symmetry_X_Translation.svg",2,23,"1: male","None from my observation","{""selection"":2}","2023-03-15 08:56:39","63fe16762b4c19bea77a0904","Ysym"
"wYHRMFXVTdYr",14,"survey-likert","1: I confirm","1: I will take it seriously","right","img/Right_Y_Symmetry_X_Translation.svg",2,34,"1: male","N/A","{""selection"":2}","2023-03-15 12:23:54","63d3fb4fd3c313dca0920312","Ysym"
"x0BM3Dvl3gtL",14,"survey-likert","1: I confirm","1: I will take it seriously","right","img/Right_Y_Symmetry_X_Translation.svg",2,69,"2: female",NA,"{""selection"":2}","2023-03-14 09:25:40","5c61288cd697e7000107b9b4","Ysym"
"z7n7zfISbzov",14,"survey-likert","1: I confirm","1: I will take it seriously","right","img/Right_Y_Symmetry_X_Translation.svg",2,52,"2: female",NA,"{""selection"":2}","2023-03-14 11:52:15","5722741901ed33001138a554","Ysym"
"zNKUg7pkytf5",14,"survey-likert","1: I confirm","1: I will take it seriously","right","img/Right_Y_Symmetry_X_Translation.svg",1,47,"2: female",NA,"{""selection"":1}","2023-03-15 08:59:31","5c6318e52c4f7600018e1687","None"
