"subj_code","condition","trial_type","desktop_conf","attent_conf","Ysym_side","test_stimulus","dv_selection","age","gender","tech_issues","response","explanation","recorded_at","PROLIFIC_PID","dv_selection_rec"
"0AXMLnGNLqsd",1,"survey-likert","1: I confirm","1: I will take it seriously","left","img/Left_Y_Symmetry_Big.svg",0,"24","2: female","No errors.","{""selection"":0}","I chose the left one because of its position. It was different from the first one shown.","2022-11-24 09:57:37","601951245f481e000980504f","Ysym"
"9hyrAJHcg7ji",1,"survey-likert","1: I confirm","1: I will take it seriously","left","img/Left_Y_Symmetry_Big.svg",2,"66","2: female",NA,"{""selection"":2}","looked at the size of the first object and surmised the second would be different but this may be an optical illusion.","2022-11-24 09:58:09","57612e6179a2ac0007fa91a7","not-Ysym"
"b6F8j51oncJf",1,"survey-likert","1: I confirm","1: I will take it seriously","left","img/Left_Y_Symmetry_Big.svg",2,"42","1: male",NA,"{""selection"":2}","The object on the left was the exact same size as the original object. Whilst the object on the right had the same shape it was much bigger so I assumed this was the object emitting the different alpha rays","2022-11-24 09:59:26","5ecf54256dc5a1371a9c1e61","not-Ysym"
"DuUcQFATgm4q",1,"survey-likert","1: I confirm","1: I will take it seriously","left","img/Left_Y_Symmetry_Big.svg",2,"35","2: female",NA,"{""selection"":2}","I was basing it mainly on the relative sizes of the object, but I was surprised by how quickly I forgot the size of the first one. I tried to choose the one which was not the same size as the original ","2022-11-24 09:48:04","5ecd07a910b71601ce6261b1","not-Ysym"
"dY6PJ8BaOm6C",1,"survey-likert","1: I confirm","1: I will take it seriously","left","img/Left_Y_Symmetry_Big.svg",2,"46","2: female",NA,"{""selection"":2}","due to size and previous photo taken","2022-11-24 09:58:50","5d0a345d8d7a4b000172fb93","not-Ysym"
"GbbOvodUex5W",1,"survey-likert","1: I confirm","1: I will take it seriously","left","img/Left_Y_Symmetry_Big.svg",2,"61","2: female",NA,"{""selection"":2}","The right object is larger than the left.","2022-11-24 09:59:40","5c5b60df7e554c0001258e71","not-Ysym"
"InNaeQLN7yHj",1,"survey-likert","1: I confirm","1: I will take it seriously","left","img/Left_Y_Symmetry_Big.svg",2,"19","2: female",NA,"{""selection"":2}","chose due to the different size","2022-11-24 09:44:16","5f75f47376d11b000bc1bfc5","not-Ysym"
"lleMqPp8VxCe",1,"survey-likert","1: I confirm","1: I will take it seriously","left","img/Left_Y_Symmetry_Big.svg",2,"23","1: male",NA,"{""selection"":2}","It is bigger therefore more intensity","2022-11-24 09:45:53","6117f42cfa3aa4a4e7e8efba","not-Ysym"
"LzN5YB8lctZV",1,"survey-likert","1: I confirm","1: I will take it seriously","left","img/Left_Y_Symmetry_Big.svg",2,"38","2: female",NA,"{""selection"":2}","I would assume that the larger object was emitting a different amount than the smaller object which appeared similar to the object on the first screen.","2022-11-24 09:42:54","59e6e8f25d8c0c00018e9f8b","not-Ysym"
"MKvAuxWXPqeB",1,"survey-likert","1: I confirm","1: I will take it seriously","left","img/Left_Y_Symmetry_Big.svg",2,"32","1: male",NA,"{""selection"":2}","It's larger and therefore capable of holding more energy","2022-11-24 09:59:50","62b436fe7291ea8368734d52","not-Ysym"
"PH7TwtX0XBxp",1,"survey-likert","1: I confirm","1: I will take it seriously","left","img/Left_Y_Symmetry_Big.svg",2,"24","2: female",NA,"{""selection"":2}","I made that choice because I assumed that the object I was presented with initially emitted the same level of alpha. And only the new object introduced emitted a different intensity of alpha ray.","2022-11-24 09:58:47","607c3abee7460a09186f93d7","not-Ysym"
"VRXG6qaifoJB",1,"survey-likert","1: I confirm","1: I will take it seriously","left","img/Left_Y_Symmetry_Big.svg",2,"25","2: female",NA,"{""selection"":2}","The first one was emitting different rays to the second one","2022-11-24 10:01:20","61653785ff3b160656b83f60","not-Ysym"
"wzHM1XrLKXbu",1,"survey-likert","1: I confirm","1: I will take it seriously","left","img/Left_Y_Symmetry_Big.svg",2,"64","2: female",NA,"{""selection"":2}","The one on the left was same size as the first picture so as the other one was bigger I assumed it would emit more","2022-11-24 10:00:07","5efca11992bb0d06c28f4bd3","not-Ysym"
"Za4BZQ9MvPIV",1,"survey-likert","1: I confirm","1: I will take it seriously","left","img/Left_Y_Symmetry_Big.svg",2,"24","2: female","not at all","{""selection"":2}","since the other object is larger than the other it could be emitting more radiation.","2022-11-24 09:59:01","5fba3b4fcac8229a36e7cabe","not-Ysym"
"Znnj3vew9pvQ",1,"survey-likert","1: I confirm","1: I will take it seriously","left","img/Left_Y_Symmetry_Big.svg",2,"25","1: male","None","{""selection"":2}","It is bigger than the other object, thus its intensity will be different.","2022-11-24 09:58:08","600c27a4685f792d0bca05ae","not-Ysym"
"7ebMhzrq1z7V",2,"survey-likert","1: I confirm","1: I will take it seriously","left","img/Left_Y_Symmetry_Angle.svg",2,"46","1: male","None.","{""selection"":2}","I choose the one on the far right cause it has a different shape as the first one.","2022-11-24 09:59:59","60abcd6f3e5efd9fca235828","not-Ysym"
"BRu57E1zTQQG",2,"survey-likert","1: I confirm","1: I will take it seriously","left","img/Left_Y_Symmetry_Angle.svg",0,"32","2: female",NA,"{""selection"":0}","My choice was based on the shape of the object.","2022-11-24 09:59:08","56220229ed6e5a0005c7fac1","Ysym"
"d6LdpoAFxcw6",2,"survey-likert","1: I confirm","1: I will take it seriously","left","img/Left_Y_Symmetry_Angle.svg",2,"34","2: female",NA,"{""selection"":2}","I chose that because it was different to the image","2022-11-24 09:47:26","605a007fe72fcf200b4791a0","not-Ysym"
"FBHEMANpUg21",2,"survey-likert","1: I confirm","1: I will take it seriously","left","img/Left_Y_Symmetry_Angle.svg",0,"47","2: female","no issues","{""selection"":0}","I figured the one on the left is emitting different rays as it is facing the opposite direction in respect to the original image","2022-11-24 09:55:01","603415af8ffaaa1ada99d014","Ysym"
"HON3WeVOusPZ",2,"survey-likert","1: I confirm","1: I will take it seriously","left","img/Left_Y_Symmetry_Angle.svg",2,"44","2: female",NA,"{""selection"":2}","Based on appearance, the left object looked identical, so I assume it was the one emitting the identical radiation levels.","2022-11-24 09:57:53","6346ba1cf47d2b00c416eefa","not-Ysym"
"IYD13Ba7PzVj",2,"survey-likert","1: I confirm","1: I will take it seriously","left","img/Left_Y_Symmetry_Angle.svg",2,"30","3: non-binary","none noticed","{""selection"":2}","the object on the right seemed slightly different from the one in the previous picture","2022-11-24 09:58:43","5fb8001908f1d0478862aedd","not-Ysym"
"kiKbUfjk3RWu",2,"survey-likert","1: I confirm","1: I will take it seriously","left","img/Left_Y_Symmetry_Angle.svg",1,"43","2: female",NA,"{""selection"":1}","I am not sure ","2022-11-24 09:59:49","5da1fa2fbdbebc00137aeddf","None"
"Ko2H8c43tfom",2,"survey-likert","1: I confirm","1: I will take it seriously","left","img/Left_Y_Symmetry_Angle.svg",2,"21","1: male",NA,"{""selection"":2}","I was depending on my guts","2022-11-24 09:43:25","601c611eb7e30277bb2546d7","not-Ysym"
"Q6PIrU61uDSq",2,"survey-likert","1: I confirm","1: I will take it seriously","left","img/Left_Y_Symmetry_Angle.svg",2,"30","2: female","none","{""selection"":2}","because it is different shape from the object shown ealier","2022-11-24 09:58:46","60bbac6c8f57c38f1b834e80","not-Ysym"
"QQuqgwjO84n2",2,"survey-likert","1: I confirm","1: I will take it seriously","left","img/Left_Y_Symmetry_Angle.svg",2,"50","1: male",NA,"{""selection"":2}","i would assume the initial reading was for the left hand object and that as the object on the right is the new one and is a slightly different shape that is is providing a different reading from the first un-similar object","2022-11-24 09:59:31","60536d640af90db5d51d4102","not-Ysym"
"rbeS6he6Ualp",2,"survey-likert","1: I confirm","1: I will take it seriously","left","img/Left_Y_Symmetry_Angle.svg",2,"21","1: male",NA,"{""selection"":2}","I think it was the right object because the shape was different.","2022-11-24 10:00:14","602a68f190ccb203ce5a66cf","not-Ysym"
"rU29DMbiIUZm",2,"survey-likert","1: I confirm","1: I will take it seriously","left","img/Left_Y_Symmetry_Angle.svg",2,"27","2: female","there were no errors.","{""selection"":2}","this object looks completely different than the previous object in both shape and size and is therefore the obvious choice.","2022-11-24 09:57:49","605996d037bce4fb5488a375","not-Ysym"
"sD2FAGb5kIFe",2,"survey-likert","1: I confirm","1: I will take it seriously","left","img/Left_Y_Symmetry_Angle.svg",1,"41","1: male",NA,"{""selection"":1}","I don't think there was enough information present to decide which was emitting more radiation. ","2022-11-24 09:59:00","5a099b6ca383a100011b49ec","None"
"UVuOZRFpcSTa",2,"survey-likert","1: I confirm","1: I will take it seriously","left","img/Left_Y_Symmetry_Angle.svg",2,"26","2: female","none","{""selection"":2}","The object on the left looks similar to that which was in the first image. I, therefore, assumed that the object on the right is emitting different alpha rays, because it looked different to the other two objects.","2022-11-24 09:42:31","608f1113b134822073386231","not-Ysym"
"X0iIfrjefKEk",2,"survey-likert","1: I confirm","1: I will take it seriously","left","img/Left_Y_Symmetry_Angle.svg",0,"26","2: female",NA,"{""selection"":0}","i thought the one on the left looked slightly different than the first object i was shown, and so it made sense that it would emit different kinds of rays.","2022-11-24 09:59:45","5ffc6ebd8f29260965cd1eed","Ysym"
"12UNSidbD04f",3,"survey-likert","1: I confirm","1: I will take it seriously","left","img/Left_Y_Symmetry_X_Rotation.svg",2,"30","2: female",NA,"{""selection"":2}","The object is placed in a different position than in the first object","2022-11-24 10:00:16","60214feec65df50cd6837a48","not-Ysym"
"4sh7CT358R3Q",3,"survey-likert","1: I confirm","1: I will take it seriously","left","img/Left_Y_Symmetry_X_Rotation.svg",1,"45","2: female",NA,"{""selection"":1}","Surely they're both emitting 'different' intensities from each other?","2022-11-24 09:59:37","582470f7e198b200012fc7e7","None"
"57OqChis6br6",3,"survey-likert","1: I confirm","1: I will take it seriously","left","img/Left_Y_Symmetry_X_Rotation.svg",2,"30","2: female","N/A","{""selection"":2}","It said the first one was emitting a degree and then the next one emitting even more, the logical assumption is that it's the one that was presented second to me is the one that is emitting more.","2022-11-24 09:47:21","5d5402545aef9b000118fd50","not-Ysym"
"FCtRuHceaMOQ",3,"survey-likert","1: I confirm","1: I will take it seriously","left","img/Left_Y_Symmetry_X_Rotation.svg",2,"45","2: female",NA,"{""selection"":2}","The first object was standing on its point.  The second set of objects had one standing on its point, so I would assume this was the same as the first one.","2022-11-24 09:59:07","5e502cf2810ea3080a6cc46f","not-Ysym"
"GMF4sk3995VR",3,"survey-likert","1: I confirm","1: I will take it seriously","left","img/Left_Y_Symmetry_X_Rotation.svg",2,"59","3: non-binary","Have you been watching 2001 recently? ","{""selection"":2}","In the second picture the right hand object presents differently to the left, which is the same as in the first picture. ","2022-11-24 09:59:32","5cb7a3a663211a0018aa8597","not-Ysym"
"H1bM86yehSMs",3,"survey-likert","1: I confirm","1: I will take it seriously","left","img/Left_Y_Symmetry_X_Rotation.svg",2,"35","1: male",NA,"{""selection"":2}","In the second scene, I found it more plausible that the object with the different angle is the one that also emits different alpha rays.","2022-11-24 09:40:19","6113d948bcb1f232c85bdcf3","not-Ysym"
"HazAkMlbuIF8",3,"survey-likert","1: I confirm","1: I will take it seriously","left","img/Left_Y_Symmetry_X_Rotation.svg",2,"26","2: female",NA,"{""selection"":2}","The text suggested that an object other than the one discovered first was emitting the different rays and judging from the first picture shown the one on the right is the newly discovered one","2022-11-24 09:58:48","60b7a01b6e132a6ed8c92b8d","not-Ysym"
"hQOJAYjFeLBM",3,"survey-likert","1: I confirm","1: I will take it seriously","left","img/Left_Y_Symmetry_X_Rotation.svg",2,"42","2: female","no errors.","{""selection"":2}","I chose the right side object as I was upright in the beginning and now it's laying plat. That change in position would make it possibly change what it emits.","2022-11-24 09:58:02","6090755b3aebf491674a5e86","not-Ysym"
"jAMeP0muIcWb",3,"survey-likert","1: I confirm","1: I will take it seriously","left","img/Left_Y_Symmetry_X_Rotation.svg",2,"64","2: female","n/a","{""selection"":2}","the object although identical in shape was in a different position (prone?) 'perhaps' allowing or subduing the density of the alpha rays","2022-11-24 10:00:02","5e21df1829db4f0213fb4e67","not-Ysym"
"LXQQEgvTKJrV",3,"survey-likert","1: I confirm","1: I will take it seriously","left","img/Left_Y_Symmetry_X_Rotation.svg",0,"34","2: female","No errors","{""selection"":0}","The decision I took was based on the way the shape was standing. Since it was vertical just like the initial object, I selected it.","2022-11-24 10:10:13","600f11d527aa57080e819df3","Ysym"
"mO7RrAqEOriu",3,"survey-likert","1: I confirm","1: I will take it seriously","left","img/Left_Y_Symmetry_X_Rotation.svg",2,"34","2: female","none","{""selection"":2}","the triangle in the first instance was vertical so i figured that the newer object was the horizontal one","2022-11-24 09:56:52","608aa6445d4cc2da1341b523","not-Ysym"
"nyQg6Xot3AGf",3,"survey-likert","1: I confirm","1: I will take it seriously","left","img/Left_Y_Symmetry_X_Rotation.svg",2,"32","2: female",NA,"{""selection"":2}","I felt like because the second discovery had an image on the left that was the same as the first discovery that they must emit the same intensity of rays. Therefore the different object emits the different frequency","2022-11-24 10:00:22","5edfcf340df8e52d464aca22","not-Ysym"
"PGVpILcE5ept",3,"survey-likert","1: I confirm","1: I will take it seriously","left","img/Left_Y_Symmetry_X_Rotation.svg",1,"59","1: male","None.","{""selection"":1}","It's not possible to tell which one is emitting what. It's a foreign planet and nothing can be taking for granted as nothing is known.","2022-11-24 09:58:14","6083cdbb9fa5eecf8e82a8ca","None"
"y2ZhLuFV7WYH",3,"survey-likert","1: I confirm","1: I will take it seriously","left","img/Left_Y_Symmetry_X_Rotation.svg",2,"23","2: female","No","{""selection"":2}","I have made my assumption based on the fact it is rotated differently and had a different shadow","2022-11-24 09:59:56","5d5c57cc56f9ab001bce8f93","not-Ysym"
"yidxaKR21qW4",3,"survey-likert","1: I confirm","1: I will take it seriously","left","img/Left_Y_Symmetry_X_Rotation.svg",2,"36","2: female",NA,"{""selection"":2}","The first object we saw stood vertical, the difference with the 2nd image was one was vertical and the other horizontal. I figured maybe that had something to do with it.","2022-11-24 09:59:01","6093db807d15df55e6990a28","not-Ysym"
"0aG2ktufxpEj",4,"survey-likert","1: I confirm","1: I will take it seriously","left","img/Left_Y_Symmetry_X_Rotation_180.svg",2,"70","2: female","n/a","{""selection"":2}","I believe the original black object appeared ""upside down"" so I chose the one that looked right side up as the different object.","2023-03-07 09:01:26","606f0911a98c67d01edbcf11","not-Ysym"
"6pSTiueECLTy",4,"survey-likert","1: I confirm","1: I will take it seriously","left","img/Left_Y_Symmetry_X_Rotation_180.svg",2,"22","2: female",NA,"{""selection"":2}","The object is not the same as the first. It has a different orientation.","2023-03-07 09:11:23","5cd80770244a6f0017f614ee","not-Ysym"
"D6BTUO3ekvIq",4,"survey-likert","1: I confirm","1: I will take it seriously","left","img/Left_Y_Symmetry_X_Rotation_180.svg",2,"48","1: male","N/A - thanks","{""selection"":2}","I made my choice to select the object on the right as it was a different shape to the original object and therefore plausible that it would emit a different intensity of alpha rays.","2023-03-07 09:11:00","5c62e304d4bb5f0001fc002b","not-Ysym"
"dNuxR41GuE7H",4,"survey-likert","1: I confirm","1: I will take it seriously","left","img/Left_Y_Symmetry_X_Rotation_180.svg",2,"23","2: female","none","{""selection"":2}","The orientation of the object on the left was the same as the initially mentioned object so I would guess that it would emit similar or the same alpha rays. ","2023-03-07 09:11:41","5b1ceecd2767e20001e51eaa","not-Ysym"
"f5L4VLPKk4Lv",4,"survey-likert","1: I confirm","1: I will take it seriously","left","img/Left_Y_Symmetry_X_Rotation_180.svg",2,"47","1: male",NA,"{""selection"":2}","When two objects were present the second object was the same shape as the one in the first picture, hence my summation that it would be submitting the same kind of ultra rays.","2023-03-07 09:10:34","5b0d9e1730d5620001556a61","not-Ysym"
"IU54wuWe2Co8",4,"survey-likert","1: I confirm","1: I will take it seriously","left","img/Left_Y_Symmetry_X_Rotation_180.svg",2,"21","2: female","N/A","{""selection"":2}","I choose the right as the different one because both the initial and the one on the left had their pointy side on the ground. ","2023-03-07 09:01:48","60a2a370553be1e3150375ed","not-Ysym"
"JsWwZqnOW7Ri",4,"survey-likert","1: I confirm","1: I will take it seriously","left","img/Left_Y_Symmetry_X_Rotation_180.svg",2,"31","1: male","None","{""selection"":2}","the image on the right was rotated to a different angle from that on the first screen.","2023-03-07 09:10:37","63f78703fbd3a523a963d860","not-Ysym"
"jvNfJYAyQ46X",4,"survey-likert","1: I confirm","1: I will take it seriously","left","img/Left_Y_Symmetry_X_Rotation_180.svg",0,"78","1: male","No errors","{""selection"":0}","I certain that I picked the correct object","2023-03-07 09:03:46","5eaaf5a813401e06eb256e9c","Ysym"
"PFoe7OGggwbf",4,"survey-likert","1: I confirm","1: I will take it seriously","left","img/Left_Y_Symmetry_X_Rotation_180.svg",2,"34","2: female","N/A","{""selection"":2}","The one on the right is the same shape but upside down therefore it's logical to suggest the one on the left is the same as the previous screen and the one on the right is different.","2023-03-07 09:10:50","5f7c8d07b5861b0c4c5820ca","not-Ysym"
"poNv36XHWV8X",4,"survey-likert","1: I confirm","1: I will take it seriously","left","img/Left_Y_Symmetry_X_Rotation_180.svg",2,"49","2: female",NA,"{""selection"":2}","I looked a the position of the object","2023-03-07 09:11:35","5e9fd839311b8018f88c99eb","not-Ysym"
"rwIQdUTkn75P",4,"survey-likert","1: I confirm","1: I will take it seriously","left","img/Left_Y_Symmetry_X_Rotation_180.svg",2,"53","1: male",NA,"{""selection"":2}","I chose the one that was different to the object they came across first","2023-03-07 09:11:45","5e27fdd75ade0ba21df12828","not-Ysym"
"tFKbQ0EDT4du",4,"survey-likert","1: I confirm","1: I will take it seriously","left","img/Left_Y_Symmetry_X_Rotation_180.svg",2,"22","1: male",NA,"{""selection"":2}","Visually different to the item on the left, which is the same as the original object","2023-03-07 09:10:56","63d26a33e3f6b9bf0be13ccc","not-Ysym"
"v2lcJQn2164s",4,"survey-likert","1: I confirm","1: I will take it seriously","left","img/Left_Y_Symmetry_X_Rotation_180.svg",2,"34","2: female","There were no technical issues.","{""selection"":2}","The other initial object, as far as I can remember, was the same shape as the object on the right. Therefore I would assume that the object that looks different from the initial object would give off different alpha rays.","2023-03-07 09:03:04","5be59ce3520a3300010e28a9","not-Ysym"
"V4YGoKLhFUFm",4,"survey-likert","1: I confirm","1: I will take it seriously","left","img/Left_Y_Symmetry_X_Rotation_180.svg",2,"35","2: female","None","{""selection"":2}","The object on the right was the new object, so it must have been the one emitting different levels of alpha rays.","2023-03-07 09:11:20","62974bf0b641c08a1f88cfff","not-Ysym"
"zAvow3b00rIX",4,"survey-likert","1: I confirm","1: I will take it seriously","left","img/Left_Y_Symmetry_X_Rotation_180.svg",0,"18","1: male","No problems, runs very smoothly
","{""selection"":0}","Since the ray is opposite and has been rotated 180 degrees from the previous angle ","2023-03-07 09:10:05","63eabca59201d2993f49ff95","Ysym"
"1AQfgu7neolR",5,"survey-likert","1: I confirm","1: I will take it seriously","left","img/Left_Y_Symmetry_X_Symmetry.svg",2,"45","1: male",NA,"{""selection"":2}","left one is in same orientation as the first one","2023-03-07 09:41:34","5a4e5a975f741700018a74a2","not-Ysym"
"3Qs8jB8v87Jw",5,"survey-likert","1: I confirm","1: I will take it seriously","left","img/Left_Y_Symmetry_X_Symmetry.svg",2,"28","1: male","none at all. Was a very simple to understand study where everything ran smoothly. ","{""selection"":2}","because I feel like the shape I selected was different, at least in orientation to the original object i was shown. ","2023-03-07 09:41:05","63e5e37761b10ca78c9fa144","not-Ysym"
"8oTfMjK7ZDl5",5,"survey-likert","1: I confirm","1: I will take it seriously","left","img/Left_Y_Symmetry_X_Symmetry.svg",2,"31","2: female",NA,"{""selection"":2}","Because it is facing the opposite way from the other one.","2023-03-07 09:40:59","60ecb2f2432bec2f16c3ab9a","not-Ysym"
"9SI6NuceXPiZ",5,"survey-likert","1: I confirm","1: I will take it seriously","left","img/Left_Y_Symmetry_X_Symmetry.svg",2,"39","1: male","None","{""selection"":2}","It appeared visually different","2023-03-07 09:41:15","63d3fe966280b6070db0d377","not-Ysym"
"aa3Ps0OzTvCT",5,"survey-likert","1: I confirm","1: I will take it seriously","left","img/Left_Y_Symmetry_X_Symmetry.svg",2,"34","1: male",NA,"{""selection"":2}","I wouldn't be confident in my answer. But I chose it because it had the only other discernible difference, that it was flipped. In lieu of any other information, having one difference would suggest that they might be different in other ways.","2023-03-07 09:41:15","5c2c1e7810677f0001dcb7f8","not-Ysym"
"dCoVpeznu6FH",5,"survey-likert","1: I confirm","1: I will take it seriously","left","img/Left_Y_Symmetry_X_Symmetry.svg",0,"40","1: male",NA,"{""selection"":0}","looking at the pictures the 1 I selected is symmetrical to the original hence why i chose the left option  ","2023-03-07 09:41:32","5ba68588b709e800015a23a4","Ysym"
"m8NJ4GthSOPg",5,"survey-likert","1: I confirm","1: I will take it seriously","left","img/Left_Y_Symmetry_X_Symmetry.svg",2,"27","1: male",NA,"{""selection"":2}","The reason I chose what I chose is because the shape is is different(from what i can remember) to the first shape shown. So I would think it would emit a different radiation","2023-03-07 09:41:15","5b64b599f7798c0001828516","not-Ysym"
"Ni9VWt1ijDcH",5,"survey-likert","1: I confirm","1: I will take it seriously","left","img/Left_Y_Symmetry_X_Symmetry.svg",1,"31","2: female",NA,"{""selection"":1}","The second scenario said that it was emitting a different intensity to the first but didn't specify if this was more or less intense ","2023-03-07 09:41:06","63d4e813ba6a8feb04a652a8","None"
"nQPaku8JmsOU",5,"survey-likert","1: I confirm","1: I will take it seriously","left","img/Left_Y_Symmetry_X_Symmetry.svg",0,"60","1: male",NA,"{""selection"":0}","I thought the objrct I selected looked most like the one in the original description","2023-03-07 09:40:57","5e9c4d6f80400c000ae44d9f","Ysym"
"P5Y0gyrO5bS2",5,"survey-likert","1: I confirm","1: I will take it seriously","left","img/Left_Y_Symmetry_X_Symmetry.svg",2,"35","2: female",NA,"{""selection"":2}","Because it is upside down it might transmit differently","2023-03-07 09:41:52","5c7c24abcad0dc0017e58284","not-Ysym"
"rUdL4EBwCPTl",5,"survey-likert","1: I confirm","1: I will take it seriously","left","img/Left_Y_Symmetry_X_Symmetry.svg",0,"31","2: female",NA,"{""selection"":0}","it looked the same as the original object seen","2023-03-07 09:41:21","62ec4b4c7027e093f9048e5d","Ysym"
"sdpwjJSppoXO",5,"survey-likert","1: I confirm","1: I will take it seriously","left","img/Left_Y_Symmetry_X_Symmetry.svg",2,"72","2: female",NA,"{""selection"":2}","The configuration of the object I chose was different to the configuration of the original object in the first illustration","2023-03-07 09:41:38","5986038865326000012c1578","not-Ysym"
"wEIL9a2ZMG9F",5,"survey-likert","1: I confirm","1: I will take it seriously","left","img/Left_Y_Symmetry_X_Symmetry.svg",1,"30","2: female","N/A","{""selection"":1}","It felt like the right thing to do","2023-03-07 09:44:15","6019bf90350fae16d35d4119","None"
"yBYvlngtZlw7",5,"survey-likert","1: I confirm","1: I will take it seriously","left","img/Left_Y_Symmetry_X_Symmetry.svg",2,"37","1: male",NA,"{""selection"":2}","Intuitively, it seemed to me that the rays would be affected by the angle of the object, i.e. they would disperse quicker with the angle facing upwards. ","2023-03-07 10:15:18","63d256a2e69c3a1ede98e0fc","not-Ysym"
"yVsQaHOb5fVT",5,"survey-likert","1: I confirm","1: I will take it seriously","left","img/Left_Y_Symmetry_X_Symmetry.svg",2,"25","2: female","None","{""selection"":2}","The object on the right is transmititng the same as the first one while the second one isnt when we look at the shapes. ","2023-03-07 09:41:55","60a949ea3c7db9800da617d3","not-Ysym"
"0EJpqg3qDZMZ",6,"survey-likert","1: I confirm","1: I will take it seriously","left","img/Left_Y_Symmetry_Y_Translation.svg",2,"28","1: male",NA,"{""selection"":2}","The first one was on the ground. therefore it would make sense the second one on the ground would give the same rays.","2022-11-24 12:26:35","5faeb4a3a3adda0167a076fc","not-Ysym"
"5ItSz868NqFU",6,"survey-likert","1: I confirm","1: I will take it seriously","left","img/Left_Y_Symmetry_Y_Translation.svg",2,"50","2: female",NA,"{""selection"":2}","The object on the left is in the exact same position and heigh as the first one, they also have the same size, the object on the right is in a new heigh so we can assume that it is somewhat different","2022-11-24 12:26:27","60b83e09e27c49f392bef816","not-Ysym"
"BraWcYupdxOn",6,"survey-likert","1: I confirm","1: I will take it seriously","left","img/Left_Y_Symmetry_Y_Translation.svg",2,"35","2: female",NA,"{""selection"":2}","I chose that object because of how it was oriented. I believe that the other orientation was the same as the original object they came across. ","2022-11-24 12:26:20","5e042a0f1e2e58eda522741a","not-Ysym"
"cEUvUpdiOt62",6,"survey-likert","1: I confirm","1: I will take it seriously","left","img/Left_Y_Symmetry_Y_Translation.svg",1,"38","2: female",NA,"{""selection"":1}","I am unsure which as both objects are present and they could both be as powerful as each other or one could be more powerful than the other ","2022-11-24 12:26:10","5ff770cbf676e943cc9f19dd","None"
"DkttigxR3nEz",6,"survey-likert","1: I confirm","1: I will take it seriously","left","img/Left_Y_Symmetry_Y_Translation.svg",2,"37","1: male",NA,"{""selection"":2}","floating could be a sign of greater force (alpha rays)","2022-11-24 12:26:23","6055ce27445b853f2bede928","not-Ysym"
"fmVDwMsJ6wD9",6,"survey-likert","1: I confirm","1: I will take it seriously","left","img/Left_Y_Symmetry_Y_Translation.svg",2,"32","1: male",NA,"{""selection"":2}","I feel like it is the right one as it has lifted of the ground ","2022-11-24 12:26:17","62dca9bf7e7ccd38b0cb492d","not-Ysym"
"MBxYCjhVaVby",6,"survey-likert","1: I confirm","1: I will take it seriously","left","img/Left_Y_Symmetry_Y_Translation.svg",2,"30","2: female","No errors","{""selection"":2}","If there was one object first emitting rays and in the second scenario the rays emitted increased, I would have thought that it would be coming from the second object added into the scenario. If course that might not be the case, it could be the second object was emitting less and therefore when the second object was introduced into the scenario that was now the one emitting more rays. I just made a quick assumption and went with my gut versus thinking it through more logically","2022-11-24 12:26:22","5cc08a717f121700188df7ad","not-Ysym"
"MNU8IOan10GO",6,"survey-likert","1: I confirm","1: I will take it seriously","left","img/Left_Y_Symmetry_Y_Translation.svg",0,"75","1: male","None that I noticed","{""selection"":0}","The choice was between one on the ground facing a different direction or one in the air facing the same. I just thought that contact with the planet's surface might be the deciding factor, assuming that changing the orientation of the object is unlikely to change the signal.","2022-11-24 12:26:20","5f392fae9168cc472f0468f6","Ysym"
"OTeI5pZdMupW",6,"survey-likert","1: I confirm","1: I will take it seriously","left","img/Left_Y_Symmetry_Y_Translation.svg",2,"32","1: male","No","{""selection"":2}","It is floating","2022-11-24 12:26:08","6329bf10594fed089a44fdbc","not-Ysym"
"P6FfuWfbqtHL",6,"survey-likert","1: I confirm","1: I will take it seriously","left","img/Left_Y_Symmetry_Y_Translation.svg",2,"45","2: female",NA,"{""selection"":2}","I choose the one on the right as it appeared to be elevated.","2022-11-24 12:26:24","5f01b5eb119f9500099dfb62","not-Ysym"
"RVigm2ur7GFx",6,"survey-likert","1: I confirm","1: I will take it seriously","left","img/Left_Y_Symmetry_Y_Translation.svg",2,"25","1: male","No errors. everything went well","{""selection"":2}","In the first image, we saw that the object touched the ground. In the second image, the object on the right was hanging in the air. Which makes it the most likely one to be emitting different intensity","2022-11-24 12:26:15","5fa670417aaa09285126c6b9","not-Ysym"
"V1nHDgAZyjH9",6,"survey-likert","1: I confirm","1: I will take it seriously","left","img/Left_Y_Symmetry_Y_Translation.svg",2,"27","1: male",NA,"{""selection"":2}","Distance to the ground of the left object was the same as that of the first object, therefore the frequencies should be the ones that were the same.","2022-11-24 12:26:16","5fad8f592f488e1271524b06","not-Ysym"
"WeNG5DUVtaPl",6,"survey-likert","1: I confirm","1: I will take it seriously","left","img/Left_Y_Symmetry_Y_Translation.svg",2,"40","2: female","I didn't see any.","{""selection"":2}","The object on the right was hovering which was the only difference I could see between the object on the left and the object on the previous screen.","2022-11-24 12:26:02","5be1aac8ca095c0001b9f6e4","not-Ysym"
"XoZWGzCDkGcK",6,"survey-likert","1: I confirm","1: I will take it seriously","left","img/Left_Y_Symmetry_Y_Translation.svg",0,"50","2: female","None","{""selection"":0}","I think it is the object on the left because it is a reverse image of the original one and the floating object is congruent to the original one.","2022-11-24 12:26:05","60fd30932e74f14c65600b1b","Ysym"
"ybmaXprRo8FX",6,"survey-likert","1: I confirm","1: I will take it seriously","left","img/Left_Y_Symmetry_Y_Translation.svg",2,"36","2: female",NA,"{""selection"":2}","The right shape was floating which suggests it is different in some way","2022-11-24 12:26:18","5ff0659aeed16d40885e1109","not-Ysym"
"5CEAZOctp7mo",7,"survey-likert","1: I confirm","1: I will take it seriously","left","img/Left_Y_Symmetry_X_Translation.svg",1,"30","2: female",NA,"{""selection"":1}","It could be either one so i'm not sure","2023-03-07 11:18:35","63d115f9c48d549d3ee643c9","None"
"65uddpSbpWGr",7,"survey-likert","1: I confirm","1: I will take it seriously","left","img/Left_Y_Symmetry_X_Translation.svg",2,"35 unfortunately","1: male","no it was great","{""selection"":2}","it was closer to the space man or woman","2023-03-07 11:18:34","5ce6525a185715001708c627","not-Ysym"
"CVNVt9zxT1pq",7,"survey-likert","1: I confirm","1: I will take it seriously","left","img/Left_Y_Symmetry_X_Translation.svg",0,"28","3: non-binary","None!","{""selection"":0}","The leftmost object was facing a different direction to the first object, so I thought it would be more likely to be the one producing different rays.","2023-03-07 11:18:30","5cd942d9e0130b0001b224a4","Ysym"
"DYpM73bEYdyQ",7,"survey-likert","1: I confirm","1: I will take it seriously","left","img/Left_Y_Symmetry_X_Translation.svg",2,"42","2: female","None","{""selection"":2}","I don't really know. I just feel as though I had a 'pull' towards the object on the right!","2023-03-07 11:18:40","60f8170c3455dc96b7ac73bb","not-Ysym"
"l6ZCJcxprSUL",7,"survey-likert","1: I confirm","1: I will take it seriously","left","img/Left_Y_Symmetry_X_Translation.svg",2,"37","2: female","None","{""selection"":2}","I think since it was the one on the right because of the way it was explained and it was my gut feeling. ","2023-03-07 11:18:35","598b108e504c5200011964a1","not-Ysym"
"oTGsiIlyB9Ff",7,"survey-likert","1: I confirm","1: I will take it seriously","left","img/Left_Y_Symmetry_X_Translation.svg",1,"26","1: male",NA,"{""selection"":1}","After studying the picture, I didn't notice any differences in either of the 2 new objects found, therefore I was unable to make a decision based on image alone. ","2023-03-07 11:18:36","5fb1aea8d0a22f6e13750c9a","None"
"p1kvg53D7yLz",7,"survey-likert","1: I confirm","1: I will take it seriously","left","img/Left_Y_Symmetry_X_Translation.svg",0,"52","1: male",NA,"{""selection"":0}","The astronaut was standing further away from the object suggesting a hesitance.","2023-03-07 11:18:26","627e7e91d0e389328983e765","Ysym"
"SA4vtmHkNJEg",7,"survey-likert","1: I confirm","1: I will take it seriously","left","img/Left_Y_Symmetry_X_Translation.svg",2,"61","2: female",NA,"{""selection"":2}","I felt the one I picked was the correct one because of its location","2023-03-07 11:18:40","63fb3a51bf9ed8602ccf21c4","not-Ysym"
"sA58laX1Rgq3",7,"survey-likert","1: I confirm","1: I will take it seriously","left","img/Left_Y_Symmetry_X_Translation.svg",1,"30","2: female",NA,"{""selection"":1}","I'm not sure which one out of left or right. ","2023-03-07 11:18:41","59497c498fb2140001afda85","None"
"SpoG9YhWiZjq",7,"survey-likert","1: I confirm","1: I will take it seriously","left","img/Left_Y_Symmetry_X_Translation.svg",2,"27","1: male",NA,"{""selection"":2}","I believe the object was facing the direction that it is on the right ","2023-03-07 11:19:17","601c277aabe00c6bc759bf69","not-Ysym"
"swAGBkxOpj4o",7,"survey-likert","1: I confirm","1: I will take it seriously","left","img/Left_Y_Symmetry_X_Translation.svg",2,"33","1: male","none","{""selection"":2}","same as first picture","2023-03-07 11:20:25","62e24c4ff424f92570623734","not-Ysym"
"tDvIb1GyoX4P",7,"survey-likert","1: I confirm","1: I will take it seriously","left","img/Left_Y_Symmetry_X_Translation.svg",2,"38","1: male",NA,"{""selection"":2}","I read from left to right. When the first option was mentioned, I assumed to be the object on the left. When the 2nd was mentioned, I assumed the object on the right.","2023-03-07 11:18:26","62dabd0c32decdde3f734147","not-Ysym"
"TeO3ubeJE568",7,"survey-likert","1: I confirm","1: I will take it seriously","left","img/Left_Y_Symmetry_X_Translation.svg",2,"33","1: male",NA,"{""selection"":2}","I assume the intensity is less and as such the person is able to get closer to the object so I chose the object which had the person closest to it. ","2023-03-07 11:18:37","62a727c0b6efe57fb90a5b86","not-Ysym"
"tih7WbrgQSEn",7,"survey-likert","1: I confirm","1: I will take it seriously","left","img/Left_Y_Symmetry_X_Translation.svg",1,"46","1: male","No problems encountered.","{""selection"":1}","I cannot see how I would be able to make a definite informed decision with the information supplied so I chose not to pick any particular object.","2023-03-07 11:18:47","5bad01517e61b90001d36181","None"
"XL9TmdWP2DmB",7,"survey-likert","1: I confirm","1: I will take it seriously","left","img/Left_Y_Symmetry_X_Translation.svg",2,"42","1: male",NA,"{""selection"":2}","The person is closer to the object, which leads me to believe that the alpha rays are lower. ","2023-03-07 11:19:21","63e61321c84b73dbfc1cd3af","not-Ysym"
"0PRfS4MgaVwX",8,"survey-likert","1: I confirm","1: I will take it seriously","right","img/Right_Y_Symmetry_Big.svg",0,"57","2: female",NA,"{""selection"":0}","It was bigger than the first object, so I assumed it would be transmitting more rays.","2022-11-24 14:18:40","5d02a158c8a372001abf3b30","not-Ysym"
"3BwoB6WSMr0L",8,"survey-likert","1: I confirm","1: I will take it seriously","right","img/Right_Y_Symmetry_Big.svg",2,"38","2: female","None","{""selection"":2}","It was the same shape as the first one even though the first image was smaller so I made an assumption that it was shape rather than size that mattered. ","2022-11-24 14:18:40","5fee28bcebffe4c228d015ce","Ysym"
"8IkWUsp7sUmJ",8,"survey-likert","1: I confirm","1: I will take it seriously","right","img/Right_Y_Symmetry_Big.svg",0,"30","1: male",NA,"{""selection"":0}","There was a different level of radiation being emitted from the two objects. I can only assume the size corresponds the amount of radiation emitted.","2022-11-24 14:18:49","6365932d7d5677237318f982","not-Ysym"
"b8A5vpcdimET",8,"survey-likert","1: I confirm","1: I will take it seriously","right","img/Right_Y_Symmetry_Big.svg",0,"33","1: male","No","{""selection"":0}","The image is bigger so is giving more radiation","2022-11-24 14:18:37","63172692591f6b7c1b94af3a","not-Ysym"
"CTf8He2uTTBw",8,"survey-likert","1: I confirm","1: I will take it seriously","right","img/Right_Y_Symmetry_Big.svg",0,"52","2: female","No issues, thank you!","{""selection"":0}","I figured the larger black object was giving off a different intensity of alpha rays than the smaller object which was similar in size to the previous screen.","2022-11-24 14:18:40","6266fb8ab1af3b362ff835da","not-Ysym"
"IDcKH5nfUTxv",8,"survey-likert","1: I confirm","1: I will take it seriously","right","img/Right_Y_Symmetry_Big.svg",0,"46","2: female",NA,"{""selection"":0}","because the left object was larger than the other right object, the right object was the same size as the black object displayed on the ist page","2022-11-24 14:18:44","5a6a2148e70ca900017aa10b","not-Ysym"
"IrSKtKbz9UMf",8,"survey-likert","1: I confirm","1: I will take it seriously","right","img/Right_Y_Symmetry_Big.svg",2,"69","1: male",NA,"{""selection"":2}","There wasn't an awful lot of information on which to base judgement so I decided to use size as the criteria. ","2022-11-24 14:18:35","5b77435f13c3580001b63f26","Ysym"
"kzs5BmTrVZCJ",8,"survey-likert","1: I confirm","1: I will take it seriously","right","img/Right_Y_Symmetry_Big.svg",0,"23","1: male",NA,"{""selection"":0}","It looks more similar to the object than the object on the right","2022-11-24 14:18:48","5acbd7530527ba0001c265e7","not-Ysym"
"lZJu8KGGvcT7",8,"survey-likert","1: I confirm","1: I will take it seriously","right","img/Right_Y_Symmetry_Big.svg",0,"23","2: female",NA,"{""selection"":0}","The larger the object the more radiation it will emmit as it can contain more aplpha rays","2022-11-24 14:18:48","6151c94056dd5a160fade0d3","not-Ysym"
"NigzLGjD5bbz",8,"survey-likert","1: I confirm","1: I will take it seriously","right","img/Right_Y_Symmetry_Big.svg",2,"37","2: female",NA,"{""selection"":2}","the objecton the right is close to the size of the origional","2022-11-24 14:18:42","601f15c863401440ef711b68","Ysym"
"q46V7mbKXffT",8,"survey-likert","1: I confirm","1: I will take it seriously","right","img/Right_Y_Symmetry_Big.svg",2,"58","1: male",NA,"{""selection"":2}","It seemed like the correct size of the object","2022-11-24 14:18:43","5cfd24ccf8ff8a00017319d0","Ysym"
"s5fKuT4eRamj",8,"survey-likert","1: I confirm","1: I will take it seriously","right","img/Right_Y_Symmetry_Big.svg",0,"49","2: female","None","{""selection"":0}","I think that the object on the left in the second image was significantly larger than the one in the first image. I have therefore inferred that it will emit a different level of radiation. The object on the right in the second image appears to be about the same size as i recall from the first image and I have therefore assumed it will emit the same level of radiation.","2022-11-24 14:19:19","5b07c746d4b87a0001777e5e","not-Ysym"
"u45DR17UNhrq",8,"survey-likert","1: I confirm","1: I will take it seriously","right","img/Right_Y_Symmetry_Big.svg",0,"69","1: male","none","{""selection"":0}","I'm sure i remember the one on the left as being the initial object","2022-11-24 14:18:38","6086c333d6eb73cfdd564e90","not-Ysym"
"WmJXrvIxxpEf",8,"survey-likert","1: I confirm","1: I will take it seriously","right","img/Right_Y_Symmetry_Big.svg",0,"27","1: male","nothing all good","{""selection"":0}","Bigger size of the object bigger the radiation emitted ? ","2022-11-24 14:18:44","63468812fb0ad3a1da12d004","not-Ysym"
"yTgZp3JyyKw6",8,"survey-likert","1: I confirm","1: I will take it seriously","right","img/Right_Y_Symmetry_Big.svg",0,"19","2: female",NA,"{""selection"":0}","The one on the left was larger, I imagine the larger surface area will mean it emits more ","2022-11-24 14:18:29","60fd3f4a362b98fba94ed072","not-Ysym"
"1Vzy4E1uRcpT",9,"survey-likert","1: I confirm","1: I will take it seriously","right","img/Right_Y_Symmetry_Angle.svg",2,"43","2: female","no issues","{""selection"":2}","Am not very sure about my answer but I think size of object","2022-11-24 15:11:29","60a5ef27c3741d3248c387a1","Ysym"
"3IdU7FwgFsFX",9,"survey-likert","1: I confirm","1: I will take it seriously","right","img/Right_Y_Symmetry_Angle.svg",0,"64","1: male","None","{""selection"":0}","I selected that one because the shape of the one on the right was the same shape as the first one I encountered. So I presumed that one was emitting the same rays as the first one. Hence the one on the left is different shape so is emitting different rays.","2022-11-24 15:11:15","5dfa87ae0562057caa68989c","not-Ysym"
"6QTiTRXZAPI4",9,"survey-likert","1: I confirm","1: I will take it seriously","right","img/Right_Y_Symmetry_Angle.svg",0,"19","2: female",NA,"{""selection"":0}","The two objects are different shapes.","2022-11-24 15:11:13","60b4bf8acfffd7c59916a77c","not-Ysym"
"808cUU669pQg",9,"survey-likert","1: I confirm","1: I will take it seriously","right","img/Right_Y_Symmetry_Angle.svg",0,"23","1: male",NA,"{""selection"":0}","I think the one on the left was the same shape as the now on the previous screen","2022-11-24 15:11:15","60ca044c7b2e9a4654efeb77","not-Ysym"
"eKOJm94DeD9I",9,"survey-likert","1: I confirm","1: I will take it seriously","right","img/Right_Y_Symmetry_Angle.svg",0,"38","2: female","nothing","{""selection"":0}","i think the shape was different (the angle of the top was different) so I think this is the one emitting the different wave length. The other object would look the same as the previous one if you walked around it so I am assuming it is the same","2022-11-24 15:11:18","62f108ab1d119c891d45ae6a","not-Ysym"
"ENUfAEHctcA6",9,"survey-likert","1: I confirm","1: I will take it seriously","right","img/Right_Y_Symmetry_Angle.svg",0,"24","1: male",NA,"{""selection"":0}","It was a different shape to the original shape.","2022-11-24 15:11:05","611d3570f180b1adea26816b","not-Ysym"
"fUyBLnOBz0zM",9,"survey-likert","1: I confirm","1: I will take it seriously","right","img/Right_Y_Symmetry_Angle.svg",0,"22","1: male","none","{""selection"":0}","the triangle is a different shape","2022-11-24 15:11:19","631a0092b31ed67abaac9a02","not-Ysym"
"gkgCD9TUlAnw",9,"survey-likert","1: I confirm","1: I will take it seriously","right","img/Right_Y_Symmetry_Angle.svg",0,"30","2: female","N/A","{""selection"":0}","I chose the left, because going by the picture, the shape on the right looked like the one we already saw before.","2022-11-24 15:11:16","5e31e001db304d05e96019bd","not-Ysym"
"H3NsLUFQWpvY",9,"survey-likert","1: I confirm","1: I will take it seriously","right","img/Right_Y_Symmetry_Angle.svg",2,"35","2: female",NA,"{""selection"":2}","I thought that one would be different as it was a different shape.","2022-11-24 15:10:59","5641193817bdbe00122a0f23","Ysym"
"Lh7hmikc2lu8",9,"survey-likert","1: I confirm","1: I will take it seriously","right","img/Right_Y_Symmetry_Angle.svg",0,"34","1: male","I had no issues, thank you.","{""selection"":0}","I think I remembered the right object being the same as the object in the first picture.","2022-11-24 15:11:08","5f4cc45ee974b18dbf4a503d","not-Ysym"
"NnS3dpwLUrVP",9,"survey-likert","1: I confirm","1: I will take it seriously","right","img/Right_Y_Symmetry_Angle.svg",0,"30","2: female",NA,"{""selection"":0}","The angles of the triangle were quite different.","2022-11-24 15:11:09","62861bcc5f0edf6340c914df","not-Ysym"
"oVWcDQokuaNd",9,"survey-likert","1: I confirm","1: I will take it seriously","right","img/Right_Y_Symmetry_Angle.svg",0,"34","2: female","n/a","{""selection"":0}","The object on the right looked more similar to the initial object in the first picture","2022-11-24 15:11:22","5f5f5013f947f6000bd8ddcb","not-Ysym"
"W9GHGsbwkgcA",9,"survey-likert","1: I confirm","1: I will take it seriously","right","img/Right_Y_Symmetry_Angle.svg",0,"22","1: male",NA,"{""selection"":0}","The original image contained the one on the left. That leads me to think that the one on the right is emitting differently.","2022-11-24 15:11:08","5bf727502318880001e6649c","not-Ysym"
"x9gxwRyAPTws",9,"survey-likert","1: I confirm","1: I will take it seriously","right","img/Right_Y_Symmetry_Angle.svg",0,"43","2: female",NA,"{""selection"":0}","I felt like the object on the right looked the same as the object on the previous screen, so on that basis I assumed that if it looked the same, it would behave the same.","2022-11-24 15:11:13","5b27b81293707800011eabdd","not-Ysym"
"zC5GxdqELcaF",9,"survey-likert","1: I confirm","1: I will take it seriously","right","img/Right_Y_Symmetry_Angle.svg",2,"27","1: male",NA,"{""selection"":2}","The left one was the same shape as the initial object, so I assumed they would have the same radiation signature. Compared to the right object which is of a different shape.","2022-11-24 15:11:14","60ba54de9708db5ce1a03e48","Ysym"
"471oBp3WeA6T",10,"survey-likert","1: I confirm","1: I will take it seriously","right","img/Right_Y_Symmetry_X_Rotation.svg",0,"26","1: male",NA,"{""selection"":0}","the only diffeence between this object and the one of the first page was the objects possition so that is what i based my choice on ","2022-11-24 15:38:00","602bb8c36c0b933258d0818b","not-Ysym"
"4a4Yd48YY1A1",10,"survey-likert","1: I confirm","1: I will take it seriously","right","img/Right_Y_Symmetry_X_Rotation.svg",1,"29","2: female","None","{""selection"":1}","I’m not sure which one would transmit more rays","2022-11-24 15:40:42","59cb95053306be000195be2e","None"
"aCdSozj5DNgx",10,"survey-likert","1: I confirm","1: I will take it seriously","right","img/Right_Y_Symmetry_X_Rotation.svg",0,"41","1: male",NA,"{""selection"":0}","I used what I read and the descriptions of the pictures to make an assemsment and then a judgement call.","2022-11-24 15:38:55","6127434524838af88552a744","not-Ysym"
"bJfLsndbkfua",10,"survey-likert","1: I confirm","1: I will take it seriously","right","img/Right_Y_Symmetry_X_Rotation.svg",0,"65","2: female",NA,"{""selection"":0}","In retrospect, it could have been either one, but since the first one was in a 'standing' position, I assumed that the one in a different position would emit different rays, or a different intensity. I'm a bit ashamed of my answer now as there is no way of knowing which one and basing it on previous experience isn't sufficient evidence! ","2022-11-24 15:37:56","5827634ea80bf4000199994b","not-Ysym"
"et7PGSWjd9tR",10,"survey-likert","1: I confirm","1: I will take it seriously","right","img/Right_Y_Symmetry_X_Rotation.svg",0,"21","2: female",NA,"{""selection"":0}","one of them was rotated differently but you dont know what the object is.  I dont know if the orientation effects the radiation because they might be different objects","2022-11-24 15:37:53","5e261f4731328709feda6be4","not-Ysym"
"hJwNIeJuvnUt",10,"survey-likert","1: I confirm","1: I will take it seriously","right","img/Right_Y_Symmetry_X_Rotation.svg",2,"51","2: female",NA,"{""selection"":2}","I went for the one that was directed in the same position as the first one directed down towards the ground ","2022-11-24 15:37:56","5c0c3112594d92000167bdcd","Ysym"
"kFjmxRV5vohR",10,"survey-likert","1: I confirm","1: I will take it seriously","right","img/Right_Y_Symmetry_X_Rotation.svg",0,"56","2: female","none","{""selection"":0}","Actually, I don't believe the shape of the object would make it emit a different radiation signal but maybe the pointy shape facing the astronaut would affect the size of the signal.","2022-11-24 15:37:46","578917da4d107800016db836","not-Ysym"
"KkTOp5QIC3qH",10,"survey-likert","1: I confirm","1: I will take it seriously","right","img/Right_Y_Symmetry_X_Rotation.svg",0,"48","1: male",NA,"{""selection"":0}","It is probable that the object on it's side is the one that is emitting different levels (as it's in a different config to the first object observed) but there is no definitive info to make that choice certain. ","2022-11-24 15:38:10","627218ff9eeedee1aa9c45f5","not-Ysym"
"LJTvAyq2lVPk",10,"survey-likert","1: I confirm","1: I will take it seriously","right","img/Right_Y_Symmetry_X_Rotation.svg",0,"38","1: male",NA,"{""selection"":0}","this object is lying down compared to the original and so is different","2022-11-24 15:37:55","60c9ab402f1c532d26288def","not-Ysym"
"mVatmt3sRdah",10,"survey-likert","1: I confirm","1: I will take it seriously","right","img/Right_Y_Symmetry_X_Rotation.svg",0,"46","1: male",NA,"{""selection"":0}","I based it on the fact it was not upright like the one in the first image","2022-11-24 15:37:58","5d55531c78036a00010362b8","not-Ysym"
"OW162XIy9dRj",10,"survey-likert","1: I confirm","1: I will take it seriously","right","img/Right_Y_Symmetry_X_Rotation.svg",0,"53","1: male","there were none","{""selection"":0}","the one on the right look the same as the last picture","2022-11-24 15:37:58","5f89c6ad0932e600086bcf48","not-Ysym"
"SMwQax4xiEuG",10,"survey-likert","1: I confirm","1: I will take it seriously","right","img/Right_Y_Symmetry_X_Rotation.svg",1,"45","2: female",NA,"{""selection"":1}","It didn't give enough information to answer the question.","2022-11-24 15:38:00","58945874b5496d00018cfe1c","None"
"tuCssPVKS5g4",10,"survey-likert","1: I confirm","1: I will take it seriously","right","img/Right_Y_Symmetry_X_Rotation.svg",0,"29","1: male","none","{""selection"":0}","Similar ry likely to be emitted by something of similar size and location. The one on the left was on the floor so may emit different amount of ray ","2022-11-24 15:37:59","5d5288b6910d9e00017e650e","not-Ysym"
"xkfEcCgcHcPL",10,"survey-likert","1: I confirm","1: I will take it seriously","right","img/Right_Y_Symmetry_X_Rotation.svg",0,"28","1: male","The whole text and image needs to be scrolled to be read. Perhaps it could be that there's no need for scrolling?","{""selection"":0}","If I had to reason a guess, it would be because the left object was found at a different orientation. If two later objects were found and one was found in the same orientation and another at a different orientation, then possibly the differently orientated one is emitting at a different frequency than the first.","2022-11-24 15:37:58","604b2da4f24a3d7a227553a0","not-Ysym"
"YaJaPigdkGIm",10,"survey-likert","1: I confirm","1: I will take it seriously","right","img/Right_Y_Symmetry_X_Rotation.svg",0,"44","1: male",NA,"{""selection"":0}","I feel the different position of the object was the key factor in my choice. It seems to be pointed towards the person unlike the other two examples.","2022-11-24 15:38:55","6347df1ebd856c0e34bc1986","not-Ysym"
"11ydNGTdwMgS",11,"survey-likert","1: I confirm","1: I will take it seriously","right","img/Right_Y_Symmetry_X_Rotation_180.svg",1,"27","2: female",NA,"{""selection"":1}","Difficult to know without more information","2023-03-07 11:33:46","60aa79fa99f7d53701b02256","None"
"6Dk3bi0B4aMC",11,"survey-likert","1: I confirm","1: I will take it seriously","right","img/Right_Y_Symmetry_X_Rotation_180.svg",2,"59","2: female","None","{""selection"":2}","Because of the direction the object was pointing.","2023-03-07 11:34:59","63a0ba2b090476e91839f62e","Ysym"
"GdwRUPsz60Lf",11,"survey-likert","1: I confirm","1: I will take it seriously","right","img/Right_Y_Symmetry_X_Rotation_180.svg",0,"29","1: male","None.","{""selection"":0}","It's a different way up compared to the initial object, which might affect the type of rays it's omitting.","2023-03-07 11:33:44","63d447dff5d5b197f0d02275","not-Ysym"
"GjXkqAJbqlia",11,"survey-likert","1: I confirm","1: I will take it seriously","right","img/Right_Y_Symmetry_X_Rotation_180.svg",0,"56","2: female","i didnt come accross anything","{""selection"":0}","it looked bigger so thats why i chose that one","2023-03-07 11:33:53","5a5e14fc8e625900017626a9","not-Ysym"
"IXgQU9f3eSZF",11,"survey-likert","1: I confirm","1: I will take it seriously","right","img/Right_Y_Symmetry_X_Rotation_180.svg",0,"29","2: female","none","{""selection"":0}","the shape was in a different direction, therefore i feel it must be that item","2023-03-07 11:33:47","5970ccd08df9300001dab39d","not-Ysym"
"KQlJVVpLmSTa",11,"survey-likert","1: I confirm","1: I will take it seriously","right","img/Right_Y_Symmetry_X_Rotation_180.svg",0,"25","2: female",NA,"{""selection"":0}","It appeared the same as the object which was previously omitting the same rays ","2023-03-07 11:33:42","628b938b2a14e5c3e9ede879","not-Ysym"
"nYU9s5IuJzVY",11,"survey-likert","1: I confirm","1: I will take it seriously","right","img/Right_Y_Symmetry_X_Rotation_180.svg",2,"24","4: prefer not to say",NA,"{""selection"":2}","The object I chose seemed more unusually placed, which is why I picked it. ","2023-03-07 11:33:47","5ec3eabec8f93307a60c5d1b","Ysym"
"OYkJHZPOJzgk",11,"survey-likert","1: I confirm","1: I will take it seriously","right","img/Right_Y_Symmetry_X_Rotation_180.svg",0,"45","1: male","No errors whatsoever - everything was clear and worked well for me.","{""selection"":0}","Quite simply, the description given and the shape of the object leads me to conclude that the newly-discovered object is the one emitting lower alpha ray amounts.","2023-03-07 11:33:40","5d41925ef7b99500012b960e","not-Ysym"
"pvNSa2ptRuyS",11,"survey-likert","1: I confirm","1: I will take it seriously","right","img/Right_Y_Symmetry_X_Rotation_180.svg",0,"68","2: female","none","{""selection"":0}","THE ONE ON ITS OWN HAD THE POINT FACING DOWN SO I'D EXPECT THAT TO be emitting the same alpha rays and the one with the upward point be different.","2023-03-07 11:33:56","5c28b31a0091e40001ca5030","not-Ysym"
"SHVD1oXKKjj9",11,"survey-likert","1: I confirm","1: I will take it seriously","right","img/Right_Y_Symmetry_X_Rotation_180.svg",2,"32","2: female","No errors and issues ","{""selection"":2}","Because of the shape of the object, I would think that the one on the left has alpha rays but the composition of it is different. Things tend to be weird and inexplicable when it comes to ET life. I would also imagine that because of the one to the left being different, how the rays are captured would be different","2023-03-07 11:33:56","5ff41506eed16daa2c6c6ebc","Ysym"
"T7GXfywSuPTy",11,"survey-likert","1: I confirm","1: I will take it seriously","right","img/Right_Y_Symmetry_X_Rotation_180.svg",2,"27","1: male","None","{""selection"":2}","Because of the angle of the shape","2023-03-07 11:33:42","63d1494c8ed3bc3d40494d45","Ysym"
"unijY0oxs5kW",11,"survey-likert","1: I confirm","1: I will take it seriously","right","img/Right_Y_Symmetry_X_Rotation_180.svg",2,"47","2: female",NA,"{""selection"":2}","Beacuse of the shape of the object it seemed logical it would emit a different type of alpha ray.","2023-03-07 11:33:49","5f4df59800dba5ad77c0402a","Ysym"
"VDj0h2DTQ0wW",11,"survey-likert","1: I confirm","1: I will take it seriously","right","img/Right_Y_Symmetry_X_Rotation_180.svg",1,"25","1: male",NA,"{""selection"":1}","i have no idea why one would emit differently from the other","2023-03-07 11:33:48","5c4602713d08e80001369876","None"
"wdTcE4t0vyYC",11,"survey-likert","1: I confirm","1: I will take it seriously","right","img/Right_Y_Symmetry_X_Rotation_180.svg",0,"38","1: male","None","{""selection"":0}","Different orientation","2023-03-07 11:33:41","5ecff76b3acdb0095ebf080d","not-Ysym"
"wLFwM0nW2DXr",11,"survey-likert","1: I confirm","1: I will take it seriously","right","img/Right_Y_Symmetry_X_Rotation_180.svg",0,"68","2: female","no","{""selection"":0}","It was a different way up.","2023-03-07 11:33:37","5b70758cf3dd6600010aa9eb","not-Ysym"
"2MOQlTad968c",12,"survey-likert","1: I confirm","1: I will take it seriously","right","img/Right_Y_Symmetry_X_Symmetry.svg",0,"41","2: female","n/a","{""selection"":0}","The first image showed a picture of a triangle with the tip at the bottom. The second image had the same looking triangle, but also a triangle with one of its sides touching the bottom. I assumed that the different looking triangle on the second image would be emitting a different type of radiation.","2023-03-07 12:59:45","63d7a100223f6750c377fbe2","not-Ysym"
"5KbzE3p1rw0y",12,"survey-likert","1: I confirm","1: I will take it seriously","right","img/Right_Y_Symmetry_X_Symmetry.svg",0,"21","3: non-binary","Nothing to add.","{""selection"":0}","The object on the right was the same as the first object, so it's only natural that it would share the same radiation levels, whereas the other object is flipped, so it's probably the one that has the differing levels.","2023-03-07 12:59:34","61f2ad60a09e72f23cbaf86d","not-Ysym"
"5Ze9lMO0zFuG",12,"survey-likert","1: I confirm","1: I will take it seriously","right","img/Right_Y_Symmetry_X_Symmetry.svg",0,"27","1: male","N/A. Study was easy to understand and use.","{""selection"":0}","To be honest both objects had been rotated differently to the original, but I chose the object that had been spun 180 degrees so effectively looked upside down compared to the first. 
","2023-03-07 12:59:44","63e51c31c0ebe3a07a667112","not-Ysym"
"ALe3kJGS6Udl",12,"survey-likert","1: I confirm","1: I will take it seriously","right","img/Right_Y_Symmetry_X_Symmetry.svg",2,"39","1: male","No errors.","{""selection"":2}","1st picture is of the left object. new picture is of the right so would assume the different rays are from the right object.","2023-03-07 13:00:17","5d1dd6e85232a60015aa54d6","Ysym"
"cz82HRZwXCzv",12,"survey-likert","1: I confirm","1: I will take it seriously","right","img/Right_Y_Symmetry_X_Symmetry.svg",1,"31","2: female","I didn't notice any errors during the study.","{""selection"":1}","I wouldn't be sure about which one was radiating a different level of radiation as it's a new planet that I assumed we don't know a lot about. I don't think you can base radiation levels on looking at the object and which way around it was.","2023-03-07 13:03:45","5d6d8664171f6f0016e53a20","None"
"E6k1qivyMHgB",12,"survey-likert","1: I confirm","1: I will take it seriously","right","img/Right_Y_Symmetry_X_Symmetry.svg",1,"26","1: male","I did not come across any errors during the study","{""selection"":1}","Given the fact that I don't have enough information to make a confident decision I am absolutely uncertain.","2023-03-07 13:04:43","5f00d65cb69f9e20f144e404","None"
"I61cZVPCd6SG",12,"survey-likert","1: I confirm","1: I will take it seriously","right","img/Right_Y_Symmetry_X_Symmetry.svg",1,"34","1: male","N/A","{""selection"":1}","Its hard to determine what is emitted","2023-03-07 12:59:36","61517957a9ccf240eb5e5231","None"
"jKOYpccfhNIN",12,"survey-likert","1: I confirm","1: I will take it seriously","right","img/Right_Y_Symmetry_X_Symmetry.svg",0,"34","1: male",NA,"{""selection"":0}","Based simply on how the two look in the second image, it makes sense that the one that is emitting Alpha Rays in the first image is also emitting Alpha Rays in the second","2023-03-07 12:59:36","63cee1e5dd458e6225157c7e","not-Ysym"
"lI3A2bXIIp9d",12,"survey-likert","1: I confirm","1: I will take it seriously","right","img/Right_Y_Symmetry_X_Symmetry.svg",2,"38","1: male","no issues","{""selection"":2}","the object on the right is the other way up, so different to the other two objects","2023-03-07 13:04:31","6400e8b1a2889ce16019eb23","Ysym"
"mcQnXi0mrhQn",12,"survey-likert","1: I confirm","1: I will take it seriously","right","img/Right_Y_Symmetry_X_Symmetry.svg",0,"22","2: female","n/a","{""selection"":0}","I mean, I thought it may be that one simply because the base was wider whereas the other, though flipped, was the same shape and had the same base point. This, in my mind at least, made it more likely in my mind to have the same type of radiation things coming from it.","2023-03-07 12:59:39","5f4183ee48465a339d3dc81d","not-Ysym"
"NneQeyvdkDRC",12,"survey-likert","1: I confirm","1: I will take it seriously","right","img/Right_Y_Symmetry_X_Symmetry.svg",2,"64","2: female",NA,"{""selection"":2}","I think the object in the first scenario was in the same position as the one to the right in the second scene.","2023-03-07 12:59:40","61618fcdf03c92914a26732d","Ysym"
"R9PKy6tzNR0p",12,"survey-likert","1: I confirm","1: I will take it seriously","right","img/Right_Y_Symmetry_X_Symmetry.svg",0,"26","1: male",NA,"{""selection"":0}","The point on this was facing up, on the first imagine it was facing down (on the ground)","2023-03-07 13:12:04","63ea4c0cb8f12b587f5fca1d","not-Ysym"
"RX9FjpI2mU5W",12,"survey-likert","1: I confirm","1: I will take it seriously","right","img/Right_Y_Symmetry_X_Symmetry.svg",0,"22","2: female",NA,"{""selection"":0}","the right image didnt make any sense to me, the left object of the image seemed to land properly and the shadow seemed. to align with the object, I basically followed my gut instinct.","2023-03-07 13:04:35","6113ffbf45e79bc2769db74c","not-Ysym"
"TD5tS3uTf1vV",12,"survey-likert","1: I confirm","1: I will take it seriously","right","img/Right_Y_Symmetry_X_Symmetry.svg",2,"27","1: male","None.","{""selection"":2}","My gut was telling me it was the one on the right and in the sequence of the story the one on the right-hand side seemed to fit.","2023-03-07 12:59:37","61446a1ecda939d3c22d9787","Ysym"
"xGi1mGN1FU3n",12,"survey-likert","1: I confirm","1: I will take it seriously","right","img/Right_Y_Symmetry_X_Symmetry.svg",0,"30","1: male",NA,"{""selection"":0}","Object looked the same as the initial object. Safely assume that both would hold similar properties with nothing else to go on other than visuals. ","2023-03-07 12:59:38","63ea450f68e510f16ff85172","not-Ysym"
"0GYgwUqjKNHb",13,"survey-likert","1: I confirm","1: I will take it seriously","right","img/Right_Y_Symmetry_Y_Translation.svg",0,"32","1: male",NA,"{""selection"":0}","In the first scene, the object emitting X amount of alpha rays was shown grounded. In the second scene I guessed that the grounded object might be the one which emits the same amount of alpha radiation. ","2022-11-24 16:31:39","6234e1fa06407542a9efdd0e","not-Ysym"
"1xMjN3ikonyY",13,"survey-likert","1: I confirm","1: I will take it seriously","right","img/Right_Y_Symmetry_Y_Translation.svg",0,"44","2: female",NA,"{""selection"":0}","the positioning to the ground was different than the original image","2022-11-24 16:31:43","55f6be3a32af74000b17021c","not-Ysym"
"32ust2hPJ1SC",13,"survey-likert","1: I confirm","1: I will take it seriously","right","img/Right_Y_Symmetry_Y_Translation.svg",0,"67","2: female","all ok","{""selection"":0}","They are oriented differently but I didn't think that would matter as waves would be emitted over 360 degrees. the elevation seemed more important so I chose that.","2022-11-24 16:32:44","56cf6e8d31a5bc0006e1cdf5","not-Ysym"
"4Fjs0QlmjiW5",13,"survey-likert","1: I confirm","1: I will take it seriously","right","img/Right_Y_Symmetry_Y_Translation.svg",0,"39","2: female",NA,"{""selection"":0}","One was much further from the ground and looked less like the first one.","2022-11-24 16:31:41","56896433d3d6a7000ca23d94","not-Ysym"
"avk0pyJkfVV1",13,"survey-likert","1: I confirm","1: I will take it seriously","right","img/Right_Y_Symmetry_Y_Translation.svg",1,"19","2: female","none","{""selection"":1}","the position of which block was giving which intensity of alpha rays wasn't stated","2022-11-24 16:31:41","62ed81d3b261e3429e00d548","None"
"HkvvsA1IWjrH",13,"survey-likert","1: I confirm","1: I will take it seriously","right","img/Right_Y_Symmetry_Y_Translation.svg",0,"65","1: male",NA,"{""selection"":0}","It appeared that the left one was floating, making it more mysterious, whereas th right one appeared to be fixed into the ground. Neither is sufficient to answer the question really","2022-11-24 16:31:46","5ceef64577a506001714c032","not-Ysym"
"JGoxbmq05i2y",13,"survey-likert","1: I confirm","1: I will take it seriously","right","img/Right_Y_Symmetry_Y_Translation.svg",2,"76","1: male","none","{""selection"":2}","I was working on the principle that the right hand object was different spatially than the other so that this was the one emitting the different rays.","2022-11-24 16:31:41","5ffb43ceb5a05a56eadca1ad","Ysym"
"LdqvTtsWBsfY",13,"survey-likert","1: I confirm","1: I will take it seriously","right","img/Right_Y_Symmetry_Y_Translation.svg",0,"46","1: male","none","{""selection"":0}","It appeared in a different position in the image.","2022-11-24 16:31:40","5ca9bc7978958e0016c5008b","not-Ysym"
"mjrhZTHrY7Oe",13,"survey-likert","1: I confirm","1: I will take it seriously","right","img/Right_Y_Symmetry_Y_Translation.svg",0,"27","1: male",NA,"{""selection"":0}","I copied the same as the first screen","2022-11-24 16:32:06","5fef2fa9efea401f0b55a7c2","not-Ysym"
"rJEPnLTLK4FO",13,"survey-likert","1: I confirm","1: I will take it seriously","right","img/Right_Y_Symmetry_Y_Translation.svg",0,"32","1: male",NA,"{""selection"":0}","based on the fact it was raised from the ground.","2022-11-24 16:31:39","6346e72c11468f258ed8ff18","not-Ysym"
"rXFw4B8I8wAC",13,"survey-likert","1: I confirm","1: I will take it seriously","right","img/Right_Y_Symmetry_Y_Translation.svg",1,"28","2: female",NA,"{""selection"":1}","I really don't understand, so I chose uncertain.","2022-11-24 16:31:45","62a2f5450f26f2d53e87c929","None"
"tpHTtvopVOsx",13,"survey-likert","1: I confirm","1: I will take it seriously","right","img/Right_Y_Symmetry_Y_Translation.svg",0,"27","2: female","no errors ","{""selection"":0}","Because it was higher","2022-11-24 16:37:22","5ebd35d87183ba1a78c96070","not-Ysym"
"WMU4rzqKGQwg",13,"survey-likert","1: I confirm","1: I will take it seriously","right","img/Right_Y_Symmetry_Y_Translation.svg",1,"56","2: female",NA,"{""selection"":1}","There’s no criteria for determining which is emitting more rays","2022-11-24 16:31:39","5dae162804bd9b0016966f8c","None"
"xIeI0f327Wly",13,"survey-likert","1: I confirm","1: I will take it seriously","right","img/Right_Y_Symmetry_Y_Translation.svg",2,"55","2: female",NA,"{""selection"":2}","THe object I chose was in a different orientation to the object on the previous page","2022-11-24 16:31:38","5dd650d749f6075e1eccc352","Ysym"
"yBbyxukGfzIl",13,"survey-likert","1: I confirm","1: I will take it seriously","right","img/Right_Y_Symmetry_Y_Translation.svg",0,"38","2: female",NA,"{""selection"":0}","The first block was touching the surface so in the second picture one of the blocks was touching the surface so appeared to be the same as image one. Whereas the other block in the second image was raised therefore must have been emitting the different radiation","2022-11-24 16:31:37","56b4b530b2de2a000632cc5f","not-Ysym"
"1Ms6xfJ7shzT",14,"survey-likert","1: I confirm","1: I will take it seriously","right","img/Right_Y_Symmetry_X_Translation.svg",1,"33","2: female","none","{""selection"":1}","I would be guessing so i was honest and picked that i was uncertain ","2023-03-07 13:21:22","62a7477981491179fd5f1f6c","None"
"1WGX274qpVC0",14,"survey-likert","1: I confirm","1: I will take it seriously","right","img/Right_Y_Symmetry_X_Translation.svg",0,"31","1: male","N/a","{""selection"":0}","It looked alittle bit bigger","2023-03-07 13:19:52","5e7027c5a2522d000bddb8f3","not-Ysym"
"3uLJJg5edHvF",14,"survey-likert","1: I confirm","1: I will take it seriously","right","img/Right_Y_Symmetry_X_Translation.svg",1,"40","1: male",NA,"{""selection"":1}","There is no way of knowing which one was emitting more rays as the items were identical","2023-03-07 13:19:52","63e51d3ea4bb5e7073e2ddbf","None"
"6uUnr2v8Qczk",14,"survey-likert","1: I confirm","1: I will take it seriously","right","img/Right_Y_Symmetry_X_Translation.svg",2,"20","2: female",NA,"{""selection"":2}","I made my decision based on what was displayed in the photograph taken.","2023-03-07 13:19:48","62ad13f1e8e7a67ce2791cac","Ysym"
"83i0Wr4xtVY6",14,"survey-likert","1: I confirm","1: I will take it seriously","right","img/Right_Y_Symmetry_X_Translation.svg",1,"23","2: female","n/a","{""selection"":1}","I cannot understand how it would look under these conditions","2023-03-07 13:19:48","62b056b6df8491744cfd6b04","None"
"c7sezUmO5v2F",14,"survey-likert","1: I confirm","1: I will take it seriously","right","img/Right_Y_Symmetry_X_Translation.svg",0,"58","2: female",NA,"{""selection"":0}","i think that the triangle was facing that way to make it the object on the right ","2023-03-07 13:19:57","5d25d05b7ad70e001bb2ff5e","not-Ysym"
"f4WYSciwRfP6",14,"survey-likert","1: I confirm","1: I will take it seriously","right","img/Right_Y_Symmetry_X_Translation.svg",2,"61","1: male","None","{""selection"":2}","The Astronaut on the right seems to look as though he is slightly more distorted than the one non the left. ","2023-03-07 13:20:09","63d4f8a279d8d49ddbd48936","Ysym"
"K0vBA7qEbEVE",14,"survey-likert","1: I confirm","1: I will take it seriously","right","img/Right_Y_Symmetry_X_Translation.svg",2,"23","1: male",NA,"{""selection"":2}","I tend to favour my left side instinctively, so that's my go-to choice. ","2023-03-07 13:45:33","63d7a79e2606216262545e75","Ysym"
"K1CbRnTOsNXF",14,"survey-likert","1: I confirm","1: I will take it seriously","right","img/Right_Y_Symmetry_X_Translation.svg",2,"39","1: male","I didn't notice any.","{""selection"":2}","In the first image the tringle object was straight on the left hand side, and slanted on the right. Just by this I am assuming it's the same type of object in the 2nd instance, therefor it would be the other object that has the different rays. Though this could be totally wrong id the objects were at opposite ends just by looking at them from the other side.","2023-03-07 13:19:48","63e52315e958670a256c0bcd","Ysym"
"K5KVFC6xyiEB",14,"survey-likert","1: I confirm","1: I will take it seriously","right","img/Right_Y_Symmetry_X_Translation.svg",0,"31","2: female",NA,"{""selection"":0}","They saw the object on the left first, so I think the object on the right is emitting different rays because they compared it to the first one","2023-03-07 13:19:54","5bede0e392f1770001d59f37","not-Ysym"
"nxhOZLIsxPMs",14,"survey-likert","1: I confirm","1: I will take it seriously","right","img/Right_Y_Symmetry_X_Translation.svg",2,"45","1: male","NONE","{""selection"":2}","I WOULD EXPECT THE SECOND OBJECT ON THE LEFT TO BE SAME AS THE FIRST OBJECT ON THE LEFT","2023-03-07 13:19:49","5d12ce9596919a0019367dd4","Ysym"
"oRDyQJ5fJEsp",14,"survey-likert","1: I confirm","1: I will take it seriously","right","img/Right_Y_Symmetry_X_Translation.svg",1,"33","1: male",NA,"{""selection"":1}","They are both the same object. They might be different angles bit They are the same dimensions and colour ultimately ","2023-03-07 13:20:00","5e459f61418f610891628564","None"
"qPjdHR9WITCI",14,"survey-likert","1: I confirm","1: I will take it seriously","right","img/Right_Y_Symmetry_X_Translation.svg",2,"20","1: male","None ","{""selection"":2}","The Object on the right was facing the opposite way from the left one and the object from the first picture was facing the same way as the left one.","2023-03-07 13:20:17","63f790ec98eebe9027eeb2ed","Ysym"
"YdADGAT5MgKk",14,"survey-likert","1: I confirm","1: I will take it seriously","right","img/Right_Y_Symmetry_X_Translation.svg",1,"32","1: male",NA,"{""selection"":1}","It was just a mirror image, each side of the picture was identical so I couldn't tell.","2023-03-07 13:19:48","5ef0c9b95817dc145532fcee","None"
"yLqlHImgEGPv",14,"survey-likert","1: I confirm","1: I will take it seriously","right","img/Right_Y_Symmetry_X_Translation.svg",2,"33","1: male",NA,"{""selection"":2}","I chose the object which had a different orientation to the single object shown in the first image. ","2023-03-07 13:19:46","63d13f8a6bae53e55ef876c2","Ysym"
