"subj_code","condition","desktop_conf","attent_conf","Ysym_side","test_stimulus","dv_selection","age","gender","tech_issues","dv_selection_rec"
"1GAs9gARC4aE",1,"1: I confirm","1: I will take it seriously","left","img/Left_Y_Symmetry_Big.svg",1,57,"2: female",NA,"not_Ysym"
"2aVhUxAzopxd",1,"1: I confirm","1: I will take it seriously","left","img/Left_Y_Symmetry_Big.svg",1,58,"1: male","No issues","not_Ysym"
"2uQx27Bqqqcn",1,"1: I confirm","1: I will take it seriously","left","img/Left_Y_Symmetry_Big.svg",1,35,"1: male","none","not_Ysym"
"3S0o2gHcGdcq",1,"1: I confirm","1: I will take it seriously","left","img/Left_Y_Symmetry_Big.svg",1,44,"2: female",NA,"not_Ysym"
"49ymmsYhH1jC",1,"1: I confirm","1: I will take it seriously","left","img/Left_Y_Symmetry_Big.svg",1,51,"2: female",NA,"not_Ysym"
"5zSgPpLnVaZs",1,"1: I confirm","1: I will take it seriously","left","img/Left_Y_Symmetry_Big.svg",1,33,"2: female",NA,"not_Ysym"
"6mdKrncnnnq2",1,"1: I confirm","1: I will take it seriously","left","img/Left_Y_Symmetry_Big.svg",1,25,"2: female",NA,"not_Ysym"
"9GieMhNebQ8D",1,"1: I confirm","1: I will take it seriously","left","img/Left_Y_Symmetry_Big.svg",0,33,"2: female",NA,"Ysym"
"AgY8LJ3IpFZy",1,"1: I confirm","1: I will take it seriously","left","img/Left_Y_Symmetry_Big.svg",1,53,"2: female",NA,"not_Ysym"
"Bg5YNDom5N7O",1,"1: I confirm","1: I will take it seriously","left","img/Left_Y_Symmetry_Big.svg",1,19,"2: female",NA,"not_Ysym"
"cIrGRIGW2dYx",1,"1: I confirm","1: I will take it seriously","left","img/Left_Y_Symmetry_Big.svg",0,55,"1: male","No errors","Ysym"
"ERMcoZ2iP3Mq",1,"1: I confirm","1: I will take it seriously","left","img/Left_Y_Symmetry_Big.svg",0,33,"2: female","no errors.","Ysym"
"FhiB3sn69tZ4",1,"1: I confirm","1: I will take it seriously","left","img/Left_Y_Symmetry_Big.svg",1,21,"3: non-binary","None","not_Ysym"
"j0ZsSXqDWTvB",1,"1: I confirm","1: I will take it seriously","left","img/Left_Y_Symmetry_Big.svg",1,20,"2: female","slightly complicated wording but no errors i noticed","not_Ysym"
"jNTQkeCKGa28",1,"1: I confirm","1: I will take it seriously","left","img/Left_Y_Symmetry_Big.svg",1,33,"2: female","ASTRONAUTS WERE A MIRROR IMAGE OF EACH OTHER","not_Ysym"
"JYgIdBskI1wh",1,"1: I confirm","1: I will take it seriously","left","img/Left_Y_Symmetry_Big.svg",1,28,"2: female",NA,"not_Ysym"
"l6H4kuCPGdEr",1,"1: I confirm","1: I will take it seriously","left","img/Left_Y_Symmetry_Big.svg",1,47,"2: female",NA,"not_Ysym"
"lYveWew3BjT2",1,"1: I confirm","1: I will take it seriously","left","img/Left_Y_Symmetry_Big.svg",1,33,"2: female",NA,"not_Ysym"
"oGrSvJtPey9w",1,"1: I confirm","1: I will take it seriously","left","img/Left_Y_Symmetry_Big.svg",1,24,"1: male",NA,"not_Ysym"
"OwnFCrAPdAaa",1,"1: I confirm","1: I will take it seriously","left","img/Left_Y_Symmetry_Big.svg",1,41,"1: male",NA,"not_Ysym"
"PaJ0QNPZNFLX",1,"1: I confirm","1: I will take it seriously","left","img/Left_Y_Symmetry_Big.svg",1,40,"1: male",NA,"not_Ysym"
"pPGkZVVrTZ0x",1,"1: I confirm","1: I will take it seriously","left","img/Left_Y_Symmetry_Big.svg",1,31,"2: female",NA,"not_Ysym"
"QB6rZ0lI5nwN",1,"1: I confirm","1: I will take it seriously","left","img/Left_Y_Symmetry_Big.svg",0,33,"1: male",NA,"Ysym"
"SM9C9crv7bsT",1,"1: I confirm","1: I will take it seriously","left","img/Left_Y_Symmetry_Big.svg",1,24,"2: female",NA,"not_Ysym"
"TmuQOCTpjTWm",1,"1: I confirm","1: I will take it seriously","left","img/Left_Y_Symmetry_Big.svg",0,45,"1: male",NA,"Ysym"
"tngActacWGpB",1,"1: I confirm","1: I will take it seriously","left","img/Left_Y_Symmetry_Big.svg",1,35,"2: female",NA,"not_Ysym"
"UQCRjWy9L3ZD",1,"1: I confirm","1: I will take it seriously","left","img/Left_Y_Symmetry_Big.svg",1,42,"2: female",NA,"not_Ysym"
"xfZEPVwtJZDw",1,"1: I confirm","1: I will take it seriously","left","img/Left_Y_Symmetry_Big.svg",1,33,"1: male",NA,"not_Ysym"
"xgtW20u8sM9k",1,"1: I confirm","1: I will take it seriously","left","img/Left_Y_Symmetry_Big.svg",1,57,"2: female","none","not_Ysym"
"XwihlFZvM3nb",1,"1: I confirm","1: I will take it seriously","left","img/Left_Y_Symmetry_Big.svg",1,31,"1: male","No errors.","not_Ysym"
"Z2W3vwfACSmO",1,"1: I confirm","1: I will take it seriously","left","img/Left_Y_Symmetry_Big.svg",1,35,"1: male",NA,"not_Ysym"
"1U0p2ZhP99v2",2,"1: I confirm","1: I will take it seriously","left","img/Left_Y_Symmetry_Angle.svg",1,39,"1: male","No errors.","not_Ysym"
"3DFKFO9PqEOQ",2,"1: I confirm","1: I will take it seriously","left","img/Left_Y_Symmetry_Angle.svg",1,42,"1: male",NA,"not_Ysym"
"ACOX4Pfvzs7Z",2,"1: I confirm","1: I will take it seriously","left","img/Left_Y_Symmetry_Angle.svg",1,20,"2: female",NA,"not_Ysym"
"AoF3d4biS5oA",2,"1: I confirm","1: I will take it seriously","left","img/Left_Y_Symmetry_Angle.svg",0,28,"1: male","no errors","Ysym"
"AS4vD0hpWLnn",2,"1: I confirm","1: I will take it seriously","left","img/Left_Y_Symmetry_Angle.svg",1,58,"2: female",NA,"not_Ysym"
"aWYvP28cS0a6",2,"1: I confirm","1: I will take it seriously","left","img/Left_Y_Symmetry_Angle.svg",1,35,"2: female",NA,"not_Ysym"
"cbxMzLE6fIu1",2,"1: I confirm","1: I will take it seriously","left","img/Left_Y_Symmetry_Angle.svg",0,27,"2: female",NA,"Ysym"
"CuE23iLwgZkC",2,"1: I confirm","1: I will take it seriously","left","img/Left_Y_Symmetry_Angle.svg",1,30,"1: male",NA,"not_Ysym"
"CWS3j8KfjquK",2,"1: I confirm","1: I will take it seriously","left","img/Left_Y_Symmetry_Angle.svg",1,33,"1: male","in the first picture, it took a while for the astronauts to load","not_Ysym"
"elnvLACDTEgR",2,"1: I confirm","1: I will take it seriously","left","img/Left_Y_Symmetry_Angle.svg",1,56,"2: female",NA,"not_Ysym"
"euFzkxFtrggi",2,"1: I confirm","1: I will take it seriously","left","img/Left_Y_Symmetry_Angle.svg",1,31,"1: male",NA,"not_Ysym"
"f6lO4PF3izMq",2,"1: I confirm","1: I will take it seriously","left","img/Left_Y_Symmetry_Angle.svg",1,38,"1: male",NA,"not_Ysym"
"FeOm8NxDw91f",2,"1: I confirm","1: I will take it seriously","left","img/Left_Y_Symmetry_Angle.svg",1,68,"1: male","At first the two spacemen were not visible but then just appeared","not_Ysym"
"fyvpvDJXXG3J",2,"1: I confirm","1: I will take it seriously","left","img/Left_Y_Symmetry_Angle.svg",1,32,"2: female",NA,"not_Ysym"
"GuvTgHOj16gQ",2,"1: I confirm","1: I will take it seriously","left","img/Left_Y_Symmetry_Angle.svg",1,45,"2: female","No errors occurred.","not_Ysym"
"hoiEzzHbLL3B",2,"1: I confirm","1: I will take it seriously","left","img/Left_Y_Symmetry_Angle.svg",1,34,"1: male",NA,"not_Ysym"
"it6MvQ2F4uNz",2,"1: I confirm","1: I will take it seriously","left","img/Left_Y_Symmetry_Angle.svg",1,37,"1: male",NA,"not_Ysym"
"jBzAz5SivWq8",2,"1: I confirm","1: I will take it seriously","left","img/Left_Y_Symmetry_Angle.svg",1,39,"1: male","N/A","not_Ysym"
"jPsAqbfd7njO",2,"1: I confirm","1: I will take it seriously","left","img/Left_Y_Symmetry_Angle.svg",1,40,"1: male",NA,"not_Ysym"
"JTFnuP0DWn2x",2,"1: I confirm","1: I will take it seriously","left","img/Left_Y_Symmetry_Angle.svg",1,36,"2: female",NA,"not_Ysym"
"Jwx0cpr9FQEF",2,"1: I confirm","1: I will take it seriously","left","img/Left_Y_Symmetry_Angle.svg",1,37,"1: male",NA,"not_Ysym"
"KbxytgsqxyTe",2,"1: I confirm","1: I will take it seriously","left","img/Left_Y_Symmetry_Angle.svg",0,51,"1: male",NA,"Ysym"
"kosf0cpvSc7W",2,"1: I confirm","1: I will take it seriously","left","img/Left_Y_Symmetry_Angle.svg",1,45,"2: female","none","not_Ysym"
"l88pJx9L9McQ",2,"1: I confirm","1: I will take it seriously","left","img/Left_Y_Symmetry_Angle.svg",1,33,"2: female","None","not_Ysym"
"ODA68eaqpl96",2,"1: I confirm","1: I will take it seriously","left","img/Left_Y_Symmetry_Angle.svg",0,56,"1: male","No","Ysym"
"ogU4DAK6DeX8",2,"1: I confirm","1: I will take it seriously","left","img/Left_Y_Symmetry_Angle.svg",1,22,"1: male",NA,"not_Ysym"
"oQZIZKUvBQmp",2,"1: I confirm","1: I will take it seriously","left","img/Left_Y_Symmetry_Angle.svg",1,24,"1: male",NA,"not_Ysym"
"rz7oNKHKFQFy",2,"1: I confirm","1: I will take it seriously","left","img/Left_Y_Symmetry_Angle.svg",1,55,"1: male",NA,"not_Ysym"
"S9lOcNGS0cCa",2,"1: I confirm","1: I will take it seriously","left","img/Left_Y_Symmetry_Angle.svg",0,26,"1: male",NA,"Ysym"
"uGwBSPTqr0py",2,"1: I confirm","1: I will take it seriously","left","img/Left_Y_Symmetry_Angle.svg",0,26,"1: male",NA,"Ysym"
"zfjncce7UH7W",2,"1: I confirm","1: I will take it seriously","left","img/Left_Y_Symmetry_Angle.svg",1,47,"1: male",NA,"not_Ysym"
"0WzneokNyQzg",3,"1: I confirm","1: I will take it seriously","left","img/Left_Y_Symmetry_X_Rotation.svg",1,25,"2: female","none","not_Ysym"
"22yMf1D3KsQe",3,"1: I confirm","1: I will take it seriously","left","img/Left_Y_Symmetry_X_Rotation.svg",0,60,"2: female",NA,"Ysym"
"5freMDgtohv0",3,"1: I confirm","1: I will take it seriously","left","img/Left_Y_Symmetry_X_Rotation.svg",1,38,"2: female",NA,"not_Ysym"
"62PfyvTtuHEY",3,"1: I confirm","1: I will take it seriously","left","img/Left_Y_Symmetry_X_Rotation.svg",1,34,"2: female",NA,"not_Ysym"
"6CDXyYSw2gXX",3,"1: I confirm","1: I will take it seriously","left","img/Left_Y_Symmetry_X_Rotation.svg",1,59,"1: male","None","not_Ysym"
"9PVgQMgPjTuH",3,"1: I confirm","1: I will take it seriously","left","img/Left_Y_Symmetry_X_Rotation.svg",1,36,"2: female","None","not_Ysym"
"aatYwZRdbHYC",3,"1: I confirm","1: I will take it seriously","left","img/Left_Y_Symmetry_X_Rotation.svg",1,23,"1: male",NA,"not_Ysym"
"AnxqkhgJaYzf",3,"1: I confirm","1: I will take it seriously","left","img/Left_Y_Symmetry_X_Rotation.svg",0,21,"1: male",NA,"Ysym"
"dH3TTq3I3wl7",3,"1: I confirm","1: I will take it seriously","left","img/Left_Y_Symmetry_X_Rotation.svg",1,25,"1: male","none","not_Ysym"
"eCFqCW7HzNv2",3,"1: I confirm","1: I will take it seriously","left","img/Left_Y_Symmetry_X_Rotation.svg",1,38,"1: male",NA,"not_Ysym"
"EU34trSQkdrt",3,"1: I confirm","1: I will take it seriously","left","img/Left_Y_Symmetry_X_Rotation.svg",1,36,"2: female",NA,"not_Ysym"
"Gi7JSwEnT309",3,"1: I confirm","1: I will take it seriously","left","img/Left_Y_Symmetry_X_Rotation.svg",1,32,"2: female",NA,"not_Ysym"
"j316qQENnBAS",3,"1: I confirm","1: I will take it seriously","left","img/Left_Y_Symmetry_X_Rotation.svg",1,33,"2: female",NA,"not_Ysym"
"j4G5JlrzifeL",3,"1: I confirm","1: I will take it seriously","left","img/Left_Y_Symmetry_X_Rotation.svg",1,51,"2: female","None","not_Ysym"
"jQT0F6aVuxqo",3,"1: I confirm","1: I will take it seriously","left","img/Left_Y_Symmetry_X_Rotation.svg",1,42,"1: male",NA,"not_Ysym"
"lClVcdPBhOZG",3,"1: I confirm","1: I will take it seriously","left","img/Left_Y_Symmetry_X_Rotation.svg",1,37,"2: female","no errors","not_Ysym"
"NjAiO7OTFnbC",3,"1: I confirm","1: I will take it seriously","left","img/Left_Y_Symmetry_X_Rotation.svg",1,27,"2: female",NA,"not_Ysym"
"PEl5yZHRaeEL",3,"1: I confirm","1: I will take it seriously","left","img/Left_Y_Symmetry_X_Rotation.svg",1,21,"1: male",NA,"not_Ysym"
"pTGiNmhWAncq",3,"1: I confirm","1: I will take it seriously","left","img/Left_Y_Symmetry_X_Rotation.svg",1,28,"1: male",NA,"not_Ysym"
"qsoaMsc8ZRdz",3,"1: I confirm","1: I will take it seriously","left","img/Left_Y_Symmetry_X_Rotation.svg",1,26,"2: female",NA,"not_Ysym"
"RFAUotUn3o0d",3,"1: I confirm","1: I will take it seriously","left","img/Left_Y_Symmetry_X_Rotation.svg",0,51,"1: male",NA,"Ysym"
"RujHhXAGYURe",3,"1: I confirm","1: I will take it seriously","left","img/Left_Y_Symmetry_X_Rotation.svg",1,45,"2: female","none","not_Ysym"
"sToFVbwdk1YI",3,"1: I confirm","1: I will take it seriously","left","img/Left_Y_Symmetry_X_Rotation.svg",1,50,"2: female",NA,"not_Ysym"
"sXnaI0sOVi0q",3,"1: I confirm","1: I will take it seriously","left","img/Left_Y_Symmetry_X_Rotation.svg",1,28,"2: female",NA,"not_Ysym"
"UshEuXJMUxG7",3,"1: I confirm","1: I will take it seriously","left","img/Left_Y_Symmetry_X_Rotation.svg",1,37,"1: male",NA,"not_Ysym"
"V6R9R5NMoycp",3,"1: I confirm","1: I will take it seriously","left","img/Left_Y_Symmetry_X_Rotation.svg",1,49,"1: male",NA,"not_Ysym"
"vl1hU9uyyMo7",3,"1: I confirm","1: I will take it seriously","left","img/Left_Y_Symmetry_X_Rotation.svg",1,45,"2: female","none","not_Ysym"
"VTyxV3p3m3pt",3,"1: I confirm","1: I will take it seriously","left","img/Left_Y_Symmetry_X_Rotation.svg",1,53,"1: male","None","not_Ysym"
"Vw6wp8OoyHOF",3,"1: I confirm","1: I will take it seriously","left","img/Left_Y_Symmetry_X_Rotation.svg",1,25,"2: female",NA,"not_Ysym"
"VZHOYi6Y0YhE",3,"1: I confirm","1: I will take it seriously","left","img/Left_Y_Symmetry_X_Rotation.svg",0,65,"2: female",NA,"Ysym"
"WURSofZW4n0y",3,"1: I confirm","1: I will take it seriously","left","img/Left_Y_Symmetry_X_Rotation.svg",0,38,"1: male",NA,"Ysym"
"2PdeR1Bh1Pex",4,"1: I confirm","1: I will take it seriously","left","img/Left_Y_Symmetry_X_Rotation_180.svg",1,57,"1: male",NA,"not_Ysym"
"4dLIQyLAk1Q8",4,"1: I confirm","1: I will take it seriously","left","img/Left_Y_Symmetry_X_Rotation_180.svg",0,34,"2: female",NA,"Ysym"
"5NhPTqf51HKQ",4,"1: I confirm","1: I will take it seriously","left","img/Left_Y_Symmetry_X_Rotation_180.svg",1,69,"2: female",NA,"not_Ysym"
"5ZZCwTktKTlk",4,"1: I confirm","1: I will take it seriously","left","img/Left_Y_Symmetry_X_Rotation_180.svg",1,32,"2: female",NA,"not_Ysym"
"7PzBTiR4at3M",4,"1: I confirm","1: I will take it seriously","left","img/Left_Y_Symmetry_X_Rotation_180.svg",1,29,"1: male",NA,"not_Ysym"
"Ar9xFEabcivp",4,"1: I confirm","1: I will take it seriously","left","img/Left_Y_Symmetry_X_Rotation_180.svg",1,75,"2: female",NA,"not_Ysym"
"ASGFBHtakh67",4,"1: I confirm","1: I will take it seriously","left","img/Left_Y_Symmetry_X_Rotation_180.svg",1,32,"1: male","None that I noticed","not_Ysym"
"bYOnk9T3bmn1",4,"1: I confirm","1: I will take it seriously","left","img/Left_Y_Symmetry_X_Rotation_180.svg",1,36,"1: male","No errors encountered","not_Ysym"
"DuryZexFAMzV",4,"1: I confirm","1: I will take it seriously","left","img/Left_Y_Symmetry_X_Rotation_180.svg",1,22,"2: female",NA,"not_Ysym"
"eixJkQflhzbX",4,"1: I confirm","1: I will take it seriously","left","img/Left_Y_Symmetry_X_Rotation_180.svg",0,29,"1: male",NA,"Ysym"
"exlWz8Z4AHcQ",4,"1: I confirm","1: I will take it seriously","left","img/Left_Y_Symmetry_X_Rotation_180.svg",1,43,"2: female",NA,"not_Ysym"
"fNCL0c1h95c0",4,"1: I confirm","1: I will take it seriously","left","img/Left_Y_Symmetry_X_Rotation_180.svg",1,55,"2: female",NA,"not_Ysym"
"JRbPK2Ra0h50",4,"1: I confirm","1: I will take it seriously","left","img/Left_Y_Symmetry_X_Rotation_180.svg",1,55,"2: female","it all seemed fine to me","not_Ysym"
"LImYNim1rJgQ",4,"1: I confirm","1: I will take it seriously","left","img/Left_Y_Symmetry_X_Rotation_180.svg",1,33,"1: male","None.","not_Ysym"
"meYNIXWomMEc",4,"1: I confirm","1: I will take it seriously","left","img/Left_Y_Symmetry_X_Rotation_180.svg",1,34,"1: male",NA,"not_Ysym"
"NoSgXqvtmlHC",4,"1: I confirm","1: I will take it seriously","left","img/Left_Y_Symmetry_X_Rotation_180.svg",1,36,"4: prefer not to say","7/10. Fun little study.

The gender identity question was nonsense though.","not_Ysym"
"oGTe3yhGOFxu",4,"1: I confirm","1: I will take it seriously","left","img/Left_Y_Symmetry_X_Rotation_180.svg",0,28,"2: female",NA,"Ysym"
"qSAnuTht8Orm",4,"1: I confirm","1: I will take it seriously","left","img/Left_Y_Symmetry_X_Rotation_180.svg",1,46,"1: male",NA,"not_Ysym"
"rhkmyNFeNU9i",4,"1: I confirm","1: I will take it seriously","left","img/Left_Y_Symmetry_X_Rotation_180.svg",1,41,"1: male",NA,"not_Ysym"
"rlCA9lf3NBct",4,"1: I confirm","1: I will take it seriously","left","img/Left_Y_Symmetry_X_Rotation_180.svg",1,31,"2: female",NA,"not_Ysym"
"rRyvTahlOyrq",4,"1: I confirm","1: I will take it seriously","left","img/Left_Y_Symmetry_X_Rotation_180.svg",0,49,"2: female",NA,"Ysym"
"seKRrDiBAfpA",4,"1: I confirm","1: I will take it seriously","left","img/Left_Y_Symmetry_X_Rotation_180.svg",1,24,"2: female",NA,"not_Ysym"
"sEv54YHDpJKX",4,"1: I confirm","1: I will take it seriously","left","img/Left_Y_Symmetry_X_Rotation_180.svg",1,38,"1: male",NA,"not_Ysym"
"shiXtKY3G8eH",4,"1: I confirm","1: I will take it seriously","left","img/Left_Y_Symmetry_X_Rotation_180.svg",1,44,"2: female",NA,"not_Ysym"
"tNQJpzHsQz0n",4,"1: I confirm","1: I will take it seriously","left","img/Left_Y_Symmetry_X_Rotation_180.svg",1,39,"1: male",NA,"not_Ysym"
"VOX1dvcTMAhB",4,"1: I confirm","1: I will take it seriously","left","img/Left_Y_Symmetry_X_Rotation_180.svg",1,35,"1: male","None.","not_Ysym"
"WSbnOmQXzTDM",4,"1: I confirm","1: I will take it seriously","left","img/Left_Y_Symmetry_X_Rotation_180.svg",1,26,"1: male",NA,"not_Ysym"
"XJWWKV4OgE0N",4,"1: I confirm","1: I will take it seriously","left","img/Left_Y_Symmetry_X_Rotation_180.svg",1,23,"1: male",NA,"not_Ysym"
"Y3YNz6B4OoR0",4,"1: I confirm","1: I will take it seriously","left","img/Left_Y_Symmetry_X_Rotation_180.svg",0,24,"1: male",NA,"Ysym"
"Y5PjSAAshWEf",4,"1: I confirm","1: I will take it seriously","left","img/Left_Y_Symmetry_X_Rotation_180.svg",0,44,"2: female",NA,"Ysym"
"yjeHelFm95o6",4,"1: I confirm","1: I will take it seriously","left","img/Left_Y_Symmetry_X_Rotation_180.svg",1,43,"2: female",NA,"not_Ysym"
"0mHHW1TSPqSq",5,"1: I confirm","1: I will take it seriously","left","img/Left_Y_Symmetry_X_Symmetry.svg",1,44,"2: female",NA,"not_Ysym"
"1g0FGVLhyXLI",5,"1: I confirm","1: I will take it seriously","left","img/Left_Y_Symmetry_X_Symmetry.svg",1,32,"1: male",NA,"not_Ysym"
"7ZbpXQ3Bh6mw",5,"1: I confirm","1: I will take it seriously","left","img/Left_Y_Symmetry_X_Symmetry.svg",1,38,"2: female",NA,"not_Ysym"
"9vvXW7J5Ye9a",5,"1: I confirm","1: I will take it seriously","left","img/Left_Y_Symmetry_X_Symmetry.svg",1,64,"1: male","was great thanks","not_Ysym"
"a6wSZhtbObX9",5,"1: I confirm","1: I will take it seriously","left","img/Left_Y_Symmetry_X_Symmetry.svg",0,25,"1: male",NA,"Ysym"
"avdctncF9mmx",5,"1: I confirm","1: I will take it seriously","left","img/Left_Y_Symmetry_X_Symmetry.svg",1,28,"2: female","None","not_Ysym"
"ChpMNwqFzB8S",5,"1: I confirm","1: I will take it seriously","left","img/Left_Y_Symmetry_X_Symmetry.svg",1,32,"1: male",NA,"not_Ysym"
"Ctr2GBIyliUe",5,"1: I confirm","1: I will take it seriously","left","img/Left_Y_Symmetry_X_Symmetry.svg",1,25,"1: male",NA,"not_Ysym"
"Dib8H0vxxeKG",5,"1: I confirm","1: I will take it seriously","left","img/Left_Y_Symmetry_X_Symmetry.svg",1,39,"2: female","The wording of the question was really not intuitive - I know that it's important to make sure that people pay attention to the study itself, but it felt unnecessarily complex and I would be concerned that it could adversely influence the results","not_Ysym"
"eBaEi1cLMYP7",5,"1: I confirm","1: I will take it seriously","left","img/Left_Y_Symmetry_X_Symmetry.svg",0,42,"2: female",NA,"Ysym"
"evOiobTGWbtv",5,"1: I confirm","1: I will take it seriously","left","img/Left_Y_Symmetry_X_Symmetry.svg",1,30,"1: male",NA,"not_Ysym"
"EYZ76yxcrp0z",5,"1: I confirm","1: I will take it seriously","left","img/Left_Y_Symmetry_X_Symmetry.svg",1,61,"2: female",NA,"not_Ysym"
"F0xh55sjtdYt",5,"1: I confirm","1: I will take it seriously","left","img/Left_Y_Symmetry_X_Symmetry.svg",1,40,"1: male","i experienced no errors, thank you","not_Ysym"
"g20LaMRY5Qb2",5,"1: I confirm","1: I will take it seriously","left","img/Left_Y_Symmetry_X_Symmetry.svg",1,32,"1: male",NA,"not_Ysym"
"h0J7gTVixewT",5,"1: I confirm","1: I will take it seriously","left","img/Left_Y_Symmetry_X_Symmetry.svg",1,43,"2: female","there was a spelling error on the second page with an extra ""s"" where it wasnt needed","not_Ysym"
"hNQ5TcL2Du7M",5,"1: I confirm","1: I will take it seriously","left","img/Left_Y_Symmetry_X_Symmetry.svg",1,22,"1: male",NA,"not_Ysym"
"iOfai4oN4VUT",5,"1: I confirm","1: I will take it seriously","left","img/Left_Y_Symmetry_X_Symmetry.svg",0,50,"1: male",NA,"Ysym"
"jSwXBERQ06Dy",5,"1: I confirm","1: I will take it seriously","left","img/Left_Y_Symmetry_X_Symmetry.svg",1,34,"1: male",NA,"not_Ysym"
"Q5u2GB7Lqx4I",5,"1: I confirm","1: I will take it seriously","left","img/Left_Y_Symmetry_X_Symmetry.svg",0,33,"1: male",NA,"Ysym"
"QEOPsSkUMg8R",5,"1: I confirm","1: I will take it seriously","left","img/Left_Y_Symmetry_X_Symmetry.svg",1,30,"2: female","no issues","not_Ysym"
"qo1cepoqBtuz",5,"1: I confirm","1: I will take it seriously","left","img/Left_Y_Symmetry_X_Symmetry.svg",1,25,"1: male",NA,"not_Ysym"
"qrxLtnyU4ct2",5,"1: I confirm","1: I will take it seriously","left","img/Left_Y_Symmetry_X_Symmetry.svg",0,38,"2: female",NA,"Ysym"
"SU2G6AAEDWZ5",5,"1: I confirm","1: I will take it seriously","left","img/Left_Y_Symmetry_X_Symmetry.svg",1,31,"2: female","none","not_Ysym"
"TnJkur3Ug5C0",5,"1: I confirm","1: I will take it seriously","left","img/Left_Y_Symmetry_X_Symmetry.svg",1,36,"2: female",NA,"not_Ysym"
"TRYqQNnvp9dp",5,"1: I confirm","1: I will take it seriously","left","img/Left_Y_Symmetry_X_Symmetry.svg",0,22,"1: male",NA,"Ysym"
"uoYvEXolHs7W",5,"1: I confirm","1: I will take it seriously","left","img/Left_Y_Symmetry_X_Symmetry.svg",1,38,"2: female",NA,"not_Ysym"
"UXebgi6lajp7",5,"1: I confirm","1: I will take it seriously","left","img/Left_Y_Symmetry_X_Symmetry.svg",0,28,"2: female","N/A","Ysym"
"VRFzbHu7y6Qw",5,"1: I confirm","1: I will take it seriously","left","img/Left_Y_Symmetry_X_Symmetry.svg",1,36,"2: female",NA,"not_Ysym"
"wdjUXh1yZkHf",5,"1: I confirm","1: I will take it seriously","left","img/Left_Y_Symmetry_X_Symmetry.svg",1,42,"2: female",NA,"not_Ysym"
"wIqxi6DQGvlG",5,"1: I confirm","1: I will take it seriously","left","img/Left_Y_Symmetry_X_Symmetry.svg",0,25,"1: male",NA,"Ysym"
"wTuNkP46uPo0",5,"1: I confirm","1: I will take it seriously","left","img/Left_Y_Symmetry_X_Symmetry.svg",1,44,"1: male","None.","not_Ysym"
"2MakSAqInFDe",6,"1: I confirm","1: I will take it seriously","left","img/Left_Y_Symmetry_Y_Translation.svg",1,21,"2: female",NA,"not_Ysym"
"2MHf7nYnzks7",6,"1: I confirm","1: I will take it seriously","left","img/Left_Y_Symmetry_Y_Translation.svg",1,24,"1: male",NA,"not_Ysym"
"5magJ9BhOr8c",6,"1: I confirm","1: I will take it seriously","left","img/Left_Y_Symmetry_Y_Translation.svg",1,19,"1: male",NA,"not_Ysym"
"6tX6LTW5N8Sl",6,"1: I confirm","1: I will take it seriously","left","img/Left_Y_Symmetry_Y_Translation.svg",1,23,"1: male",NA,"not_Ysym"
"8itd0wJHw6rD",6,"1: I confirm","1: I will take it seriously","left","img/Left_Y_Symmetry_Y_Translation.svg",1,24,"1: male",NA,"not_Ysym"
"BboEwUO38xwb",6,"1: I confirm","1: I will take it seriously","left","img/Left_Y_Symmetry_Y_Translation.svg",1,40,"1: male",NA,"not_Ysym"
"brF1kybJ2KOA",6,"1: I confirm","1: I will take it seriously","left","img/Left_Y_Symmetry_Y_Translation.svg",1,24,"2: female","No issues","not_Ysym"
"dcVcYS2ptFu8",6,"1: I confirm","1: I will take it seriously","left","img/Left_Y_Symmetry_Y_Translation.svg",0,44,"2: female","No difficulties was experienced.","Ysym"
"dcY7w7l376gO",6,"1: I confirm","1: I will take it seriously","left","img/Left_Y_Symmetry_Y_Translation.svg",1,44,"2: female",NA,"not_Ysym"
"e5kmekgv4W2s",6,"1: I confirm","1: I will take it seriously","left","img/Left_Y_Symmetry_Y_Translation.svg",1,28,"1: male",NA,"not_Ysym"
"GX5M4PTRN7hv",6,"1: I confirm","1: I will take it seriously","left","img/Left_Y_Symmetry_Y_Translation.svg",0,35,"1: male","None","Ysym"
"IRUwKUrLqXcP",6,"1: I confirm","1: I will take it seriously","left","img/Left_Y_Symmetry_Y_Translation.svg",1,26,"2: female",NA,"not_Ysym"
"J5UaWzszxhu0",6,"1: I confirm","1: I will take it seriously","left","img/Left_Y_Symmetry_Y_Translation.svg",1,42,"1: male",NA,"not_Ysym"
"lwqMQNgSeehk",6,"1: I confirm","1: I will take it seriously","left","img/Left_Y_Symmetry_Y_Translation.svg",0,33,"2: female",NA,"Ysym"
"NdKzsv9JwYQE",6,"1: I confirm","1: I will take it seriously","left","img/Left_Y_Symmetry_Y_Translation.svg",1,50,"1: male",NA,"not_Ysym"
"PcxTLgSMXJau",6,"1: I confirm","1: I will take it seriously","left","img/Left_Y_Symmetry_Y_Translation.svg",1,35,"1: male",NA,"not_Ysym"
"PQgJV2kRMUxP",6,"1: I confirm","1: I will take it seriously","left","img/Left_Y_Symmetry_Y_Translation.svg",1,34,"1: male","Astronauts were a little slow to load in when the first black object was presented. Luckily I waited long enough as I was trying to study the information carefully but if someone was being quite quick they would have seen the astronaut shadows but not the astronauts.","not_Ysym"
"q652Xg5DeQQ4",6,"1: I confirm","1: I will take it seriously","left","img/Left_Y_Symmetry_Y_Translation.svg",1,34,"1: male","None","not_Ysym"
"qnt43L7XpciT",6,"1: I confirm","1: I will take it seriously","left","img/Left_Y_Symmetry_Y_Translation.svg",1,32,"1: male",NA,"not_Ysym"
"ROj1eB4bqc8Q",6,"1: I confirm","1: I will take it seriously","left","img/Left_Y_Symmetry_Y_Translation.svg",0,38,"1: male",NA,"Ysym"
"S3IrBxBFswTT",6,"1: I confirm","1: I will take it seriously","left","img/Left_Y_Symmetry_Y_Translation.svg",1,22,"2: female",NA,"not_Ysym"
"tdMMujG9RGdV",6,"1: I confirm","1: I will take it seriously","left","img/Left_Y_Symmetry_Y_Translation.svg",0,29,"2: female","n/a","Ysym"
"tGx6Pxy0Nw5t",6,"1: I confirm","1: I will take it seriously","left","img/Left_Y_Symmetry_Y_Translation.svg",1,41,"1: male","Nothing stood out.","not_Ysym"
"tnwMxYQJOgrN",6,"1: I confirm","1: I will take it seriously","left","img/Left_Y_Symmetry_Y_Translation.svg",1,29,"2: female",NA,"not_Ysym"
"vCmvCIu0cnL4",6,"1: I confirm","1: I will take it seriously","left","img/Left_Y_Symmetry_Y_Translation.svg",0,63,"1: male","no problems","Ysym"
"vHn5BmDOEqmE",6,"1: I confirm","1: I will take it seriously","left","img/Left_Y_Symmetry_Y_Translation.svg",1,55,"1: male",NA,"not_Ysym"
"WAVdmG41FGJi",6,"1: I confirm","1: I will take it seriously","left","img/Left_Y_Symmetry_Y_Translation.svg",1,35,"1: male",NA,"not_Ysym"
"X7PYxabre8P3",6,"1: I confirm","1: I will take it seriously","left","img/Left_Y_Symmetry_Y_Translation.svg",1,39,"1: male","none","not_Ysym"
"XEZxcdXBkUR9",6,"1: I confirm","1: I will take it seriously","left","img/Left_Y_Symmetry_Y_Translation.svg",1,55,"2: female",NA,"not_Ysym"
"XZHAa0AT41KI",6,"1: I confirm","1: I will take it seriously","left","img/Left_Y_Symmetry_Y_Translation.svg",0,50,"2: female",NA,"Ysym"
"y3o5OkeHI3JY",6,"1: I confirm","1: I will take it seriously","left","img/Left_Y_Symmetry_Y_Translation.svg",0,32,"2: female",NA,"Ysym"
"1Ly3HW1k3JGh",7,"1: I confirm","1: I will take it seriously","left","img/Left_Y_Symmetry_X_Translation.svg",0,19,"1: male","N/A","Ysym"
"1wjuaQt78buP",7,"1: I confirm","1: I will take it seriously","left","img/Left_Y_Symmetry_X_Translation.svg",0,31,"1: male",NA,"Ysym"
"4U7CMPPz8Td8",7,"1: I confirm","1: I will take it seriously","left","img/Left_Y_Symmetry_X_Translation.svg",0,31,"2: female",NA,"Ysym"
"7hjlqPLfGi6P",7,"1: I confirm","1: I will take it seriously","left","img/Left_Y_Symmetry_X_Translation.svg",1,31,"2: female","N/A","not_Ysym"
"A2JKxmRjcxtz",7,"1: I confirm","1: I will take it seriously","left","img/Left_Y_Symmetry_X_Translation.svg",1,58,"2: female",NA,"not_Ysym"
"AACOcnWNY8Ox",7,"1: I confirm","1: I will take it seriously","left","img/Left_Y_Symmetry_X_Translation.svg",0,21,"2: female","In the first picture, the shadow of the two astronauts appeared before the actual image of the two spacemen, though the actual image of the two astronauts appeared a few seconds after. Everything else was fine.","Ysym"
"B55EUhn8xOSr",7,"1: I confirm","1: I will take it seriously","left","img/Left_Y_Symmetry_X_Translation.svg",0,31,"2: female",NA,"Ysym"
"cxoKJp81HSs3",7,"1: I confirm","1: I will take it seriously","left","img/Left_Y_Symmetry_X_Translation.svg",0,26,"2: female",NA,"Ysym"
"d0gJGrDbyItk",7,"1: I confirm","1: I will take it seriously","left","img/Left_Y_Symmetry_X_Translation.svg",0,18,"1: male","No Errors","Ysym"
"d7RC4IAvIBGQ",7,"1: I confirm","1: I will take it seriously","left","img/Left_Y_Symmetry_X_Translation.svg",1,57,"2: female",NA,"not_Ysym"
"g918kcWygI37",7,"1: I confirm","1: I will take it seriously","left","img/Left_Y_Symmetry_X_Translation.svg",0,25,"1: male",NA,"Ysym"
"GoFNdZdav5a9",7,"1: I confirm","1: I will take it seriously","left","img/Left_Y_Symmetry_X_Translation.svg",1,41,"2: female",NA,"not_Ysym"
"gxGmgaKfUjE7",7,"1: I confirm","1: I will take it seriously","left","img/Left_Y_Symmetry_X_Translation.svg",0,39,"1: male",NA,"Ysym"
"Jd4gtyXmMUBG",7,"1: I confirm","1: I will take it seriously","left","img/Left_Y_Symmetry_X_Translation.svg",1,36,"1: male","None noticed","not_Ysym"
"jej5WSprRCRm",7,"1: I confirm","1: I will take it seriously","left","img/Left_Y_Symmetry_X_Translation.svg",0,31,"2: female","None","Ysym"
"kTenbdDjO58P",7,"1: I confirm","1: I will take it seriously","left","img/Left_Y_Symmetry_X_Translation.svg",1,56,"1: male","none","not_Ysym"
"LR0sm3LCISVQ",7,"1: I confirm","1: I will take it seriously","left","img/Left_Y_Symmetry_X_Translation.svg",1,27,"2: female","No, thank you","not_Ysym"
"mkuR5epWiRmK",7,"1: I confirm","1: I will take it seriously","left","img/Left_Y_Symmetry_X_Translation.svg",1,35,"2: female",NA,"not_Ysym"
"MWwYkCA5OqdZ",7,"1: I confirm","1: I will take it seriously","left","img/Left_Y_Symmetry_X_Translation.svg",0,27,"2: female","none","Ysym"
"oEzVWAWAbSjt",7,"1: I confirm","1: I will take it seriously","left","img/Left_Y_Symmetry_X_Translation.svg",0,31,"1: male",NA,"Ysym"
"OQTsTCLoLMKW",7,"1: I confirm","1: I will take it seriously","left","img/Left_Y_Symmetry_X_Translation.svg",0,26,"2: female","n/a","Ysym"
"p8An94UnSVjn",7,"1: I confirm","1: I will take it seriously","left","img/Left_Y_Symmetry_X_Translation.svg",0,37,"2: female",NA,"Ysym"
"SS63P0tp3MAd",7,"1: I confirm","1: I will take it seriously","left","img/Left_Y_Symmetry_X_Translation.svg",0,33,"1: male",NA,"Ysym"
"sVkZeVFRaTiK",7,"1: I confirm","1: I will take it seriously","left","img/Left_Y_Symmetry_X_Translation.svg",1,43,"2: female",NA,"not_Ysym"
"TrXE97gTq2L1",7,"1: I confirm","1: I will take it seriously","left","img/Left_Y_Symmetry_X_Translation.svg",1,31,"1: male",NA,"not_Ysym"
"wpf2hWHFvIte",7,"1: I confirm","1: I will take it seriously","left","img/Left_Y_Symmetry_X_Translation.svg",0,42,"2: female",NA,"Ysym"
"wZm4rq4Gtnh5",7,"1: I confirm","1: I will take it seriously","left","img/Left_Y_Symmetry_X_Translation.svg",0,26,"2: female","none","Ysym"
"xFyWfhYt4rrG",7,"1: I confirm","1: I will take it seriously","left","img/Left_Y_Symmetry_X_Translation.svg",0,40,"2: female","No problems","Ysym"
"YaC0wYhBfHhA",7,"1: I confirm","1: I will take it seriously","left","img/Left_Y_Symmetry_X_Translation.svg",1,37,"1: male",NA,"not_Ysym"
"yFU32FV1mDPk",7,"1: I confirm","1: I will take it seriously","left","img/Left_Y_Symmetry_X_Translation.svg",0,27,"2: female",NA,"Ysym"
"YuHo13KqqwY2",7,"1: I confirm","1: I will take it seriously","left","img/Left_Y_Symmetry_X_Translation.svg",0,47,"2: female",NA,"Ysym"
"0E2iy5FLwSyY",8,"1: I confirm","1: I will take it seriously","right","img/Right_Y_Symmetry_Big.svg",0,33,"1: male",NA,"not_Ysym"
"4wdjZuVujzz2",8,"1: I confirm","1: I will take it seriously","right","img/Right_Y_Symmetry_Big.svg",0,25,"2: female",NA,"not_Ysym"
"5skCP5jZa5a7",8,"1: I confirm","1: I will take it seriously","right","img/Right_Y_Symmetry_Big.svg",0,26,"2: female",NA,"not_Ysym"
"6p8xYFslPhYt",8,"1: I confirm","1: I will take it seriously","right","img/Right_Y_Symmetry_Big.svg",0,49,"2: female",NA,"not_Ysym"
"aTGzhvPfXsRz",8,"1: I confirm","1: I will take it seriously","right","img/Right_Y_Symmetry_Big.svg",0,42,"1: male",NA,"not_Ysym"
"B0LNKavdLBp2",8,"1: I confirm","1: I will take it seriously","right","img/Right_Y_Symmetry_Big.svg",0,29,"1: male",NA,"not_Ysym"
"c5Su3MwPOA2m",8,"1: I confirm","1: I will take it seriously","right","img/Right_Y_Symmetry_Big.svg",0,36,"1: male",NA,"not_Ysym"
"ceK9AM4T0sfo",8,"1: I confirm","1: I will take it seriously","right","img/Right_Y_Symmetry_Big.svg",0,24,"2: female",NA,"not_Ysym"
"Dc7kWAuoRSRF",8,"1: I confirm","1: I will take it seriously","right","img/Right_Y_Symmetry_Big.svg",1,54,"1: male",NA,"Ysym"
"E4PawtVoOYke",8,"1: I confirm","1: I will take it seriously","right","img/Right_Y_Symmetry_Big.svg",0,24,"2: female","N/A","not_Ysym"
"fd1EELqoYJyq",8,"1: I confirm","1: I will take it seriously","right","img/Right_Y_Symmetry_Big.svg",0,28,"2: female",NA,"not_Ysym"
"G8fokeTThY64",8,"1: I confirm","1: I will take it seriously","right","img/Right_Y_Symmetry_Big.svg",0,34,"2: female",NA,"not_Ysym"
"gsK8rrvqxkNq",8,"1: I confirm","1: I will take it seriously","right","img/Right_Y_Symmetry_Big.svg",1,37,"2: female",NA,"Ysym"
"i85umQsRgEoL",8,"1: I confirm","1: I will take it seriously","right","img/Right_Y_Symmetry_Big.svg",1,32,"1: male",NA,"Ysym"
"ibp0BxSFZfVO",8,"1: I confirm","1: I will take it seriously","right","img/Right_Y_Symmetry_Big.svg",0,23,"2: female",NA,"not_Ysym"
"jafZEzJjQmkc",8,"1: I confirm","1: I will take it seriously","right","img/Right_Y_Symmetry_Big.svg",1,54,"1: male",NA,"Ysym"
"JowzXvsfCBXf",8,"1: I confirm","1: I will take it seriously","right","img/Right_Y_Symmetry_Big.svg",0,36,"1: male",NA,"not_Ysym"
"MQ3v7JrNJMl5",8,"1: I confirm","1: I will take it seriously","right","img/Right_Y_Symmetry_Big.svg",1,59,"2: female",NA,"Ysym"
"mVMVy7CJSkhY",8,"1: I confirm","1: I will take it seriously","right","img/Right_Y_Symmetry_Big.svg",1,43,"1: male",NA,"Ysym"
"nlYEeFbckXBr",8,"1: I confirm","1: I will take it seriously","right","img/Right_Y_Symmetry_Big.svg",0,28,"1: male",NA,"not_Ysym"
"o6hIBhAWEWmy",8,"1: I confirm","1: I will take it seriously","right","img/Right_Y_Symmetry_Big.svg",1,53,"2: female","none","Ysym"
"P9eQePSUmHrE",8,"1: I confirm","1: I will take it seriously","right","img/Right_Y_Symmetry_Big.svg",0,34,"2: female","Nil","not_Ysym"
"q4MZdSOTCKSd",8,"1: I confirm","1: I will take it seriously","right","img/Right_Y_Symmetry_Big.svg",0,22,"2: female",NA,"not_Ysym"
"TlwF1x0qZLKR",8,"1: I confirm","1: I will take it seriously","right","img/Right_Y_Symmetry_Big.svg",0,32,"2: female","no errors","not_Ysym"
"VIKkGga1mV3Z",8,"1: I confirm","1: I will take it seriously","right","img/Right_Y_Symmetry_Big.svg",1,55,"2: female","No issues except the astronauts didnt' show to begin with.","Ysym"
"VKLWfDwEMfxp",8,"1: I confirm","1: I will take it seriously","right","img/Right_Y_Symmetry_Big.svg",0,62,"2: female","none","not_Ysym"
"Vy4kXQ13iDKC",8,"1: I confirm","1: I will take it seriously","right","img/Right_Y_Symmetry_Big.svg",0,32,"2: female",NA,"not_Ysym"
"wNczVgrn6N4B",8,"1: I confirm","1: I will take it seriously","right","img/Right_Y_Symmetry_Big.svg",1,36,"1: male","None","Ysym"
"wvHbNi7pFLMN",8,"1: I confirm","1: I will take it seriously","right","img/Right_Y_Symmetry_Big.svg",0,62,"1: male",NA,"not_Ysym"
"X7883jSvlED1",8,"1: I confirm","1: I will take it seriously","right","img/Right_Y_Symmetry_Big.svg",1,71,"2: female",NA,"Ysym"
"Z6jPA5bysoix",8,"1: I confirm","1: I will take it seriously","right","img/Right_Y_Symmetry_Big.svg",0,46,"2: female",NA,"not_Ysym"
"0ykI4yjyA7Bg",9,"1: I confirm","1: I will take it seriously","right","img/Right_Y_Symmetry_Angle.svg",0,25,"1: male",NA,"not_Ysym"
"1mmfaPfutJiu",9,"1: I confirm","1: I will take it seriously","right","img/Right_Y_Symmetry_Angle.svg",0,19,"2: female","N/A","not_Ysym"
"46SjMAA93HeQ",9,"1: I confirm","1: I will take it seriously","right","img/Right_Y_Symmetry_Angle.svg",1,53,"1: male",NA,"Ysym"
"4muYkuCHr7qB",9,"1: I confirm","1: I will take it seriously","right","img/Right_Y_Symmetry_Angle.svg",0,34,"2: female",NA,"not_Ysym"
"7mfBZFMyyfY4",9,"1: I confirm","1: I will take it seriously","right","img/Right_Y_Symmetry_Angle.svg",0,36,"1: male","No errors, seemed to work fine! Thanks!","not_Ysym"
"7XbWHXdcpdUk",9,"1: I confirm","1: I will take it seriously","right","img/Right_Y_Symmetry_Angle.svg",1,30,"2: female",NA,"Ysym"
"A2cttYQTlH07",9,"1: I confirm","1: I will take it seriously","right","img/Right_Y_Symmetry_Angle.svg",0,57,"1: male","n/a","not_Ysym"
"BhBcgAZViyHD",9,"1: I confirm","1: I will take it seriously","right","img/Right_Y_Symmetry_Angle.svg",0,26,"2: female",NA,"not_Ysym"
"bmdGdDr96UIA",9,"1: I confirm","1: I will take it seriously","right","img/Right_Y_Symmetry_Angle.svg",0,38,"2: female",NA,"not_Ysym"
"CypjGAtUAnPf",9,"1: I confirm","1: I will take it seriously","right","img/Right_Y_Symmetry_Angle.svg",1,29,"1: male",NA,"Ysym"
"D17VHjXBmRok",9,"1: I confirm","1: I will take it seriously","right","img/Right_Y_Symmetry_Angle.svg",0,52,"2: female","None","not_Ysym"
"E1yjGYmBtwQB",9,"1: I confirm","1: I will take it seriously","right","img/Right_Y_Symmetry_Angle.svg",1,50,"2: female",NA,"Ysym"
"FUgmQZwHZzgk",9,"1: I confirm","1: I will take it seriously","right","img/Right_Y_Symmetry_Angle.svg",1,32,"1: male",NA,"Ysym"
"gI1Sg7DzX57q",9,"1: I confirm","1: I will take it seriously","right","img/Right_Y_Symmetry_Angle.svg",0,32,"1: male","No issues","not_Ysym"
"J5vaK4dwwakb",9,"1: I confirm","1: I will take it seriously","right","img/Right_Y_Symmetry_Angle.svg",0,58,"1: male",NA,"not_Ysym"
"llSxtJDX1zmk",9,"1: I confirm","1: I will take it seriously","right","img/Right_Y_Symmetry_Angle.svg",0,34,"2: female",NA,"not_Ysym"
"ltT2wLGI1Ppg",9,"1: I confirm","1: I will take it seriously","right","img/Right_Y_Symmetry_Angle.svg",1,32,"1: male",NA,"Ysym"
"LvQbpclX9w06",9,"1: I confirm","1: I will take it seriously","right","img/Right_Y_Symmetry_Angle.svg",1,25,"2: female",NA,"Ysym"
"mGm4DwZyy4eS",9,"1: I confirm","1: I will take it seriously","right","img/Right_Y_Symmetry_Angle.svg",0,71,"2: female",NA,"not_Ysym"
"nvQW4kEG2OWI",9,"1: I confirm","1: I will take it seriously","right","img/Right_Y_Symmetry_Angle.svg",0,46,"2: female","none","not_Ysym"
"O0x8xSuhOxhH",9,"1: I confirm","1: I will take it seriously","right","img/Right_Y_Symmetry_Angle.svg",0,29,"2: female",NA,"not_Ysym"
"pJQqgE3XR5Sb",9,"1: I confirm","1: I will take it seriously","right","img/Right_Y_Symmetry_Angle.svg",0,43,"2: female","no errors or technical issues, pictures were clear & instructions easily understood.","not_Ysym"
"uAM5vHCTK9Ti",9,"1: I confirm","1: I will take it seriously","right","img/Right_Y_Symmetry_Angle.svg",0,58,"1: male",NA,"not_Ysym"
"Uc7WH02T5whO",9,"1: I confirm","1: I will take it seriously","right","img/Right_Y_Symmetry_Angle.svg",1,60,"1: male","No errors","Ysym"
"UoSdwv7Pm1Tm",9,"1: I confirm","1: I will take it seriously","right","img/Right_Y_Symmetry_Angle.svg",1,53,"2: female","no all fine thank you","Ysym"
"vOJWhUyzKg2S",9,"1: I confirm","1: I will take it seriously","right","img/Right_Y_Symmetry_Angle.svg",1,28,"1: male",NA,"Ysym"
"WcoQwc8l4Gos",9,"1: I confirm","1: I will take it seriously","right","img/Right_Y_Symmetry_Angle.svg",0,29,"1: male","None","not_Ysym"
"XeVSI3Hi1eZ4",9,"1: I confirm","1: I will take it seriously","right","img/Right_Y_Symmetry_Angle.svg",0,27,"1: male",NA,"not_Ysym"
"XIe3z5H9oFEQ",9,"1: I confirm","1: I will take it seriously","right","img/Right_Y_Symmetry_Angle.svg",0,53,"2: female","No errors noticed.","not_Ysym"
"yE09jNaRooA5",9,"1: I confirm","1: I will take it seriously","right","img/Right_Y_Symmetry_Angle.svg",0,55,"2: female",NA,"not_Ysym"
"ZzdXjUHJ1A2h",9,"1: I confirm","1: I will take it seriously","right","img/Right_Y_Symmetry_Angle.svg",0,29,"2: female",NA,"not_Ysym"
"0g9jO12tN5U1",10,"1: I confirm","1: I will take it seriously","right","img/Right_Y_Symmetry_X_Rotation.svg",0,43,"1: male",NA,"not_Ysym"
"5W12cFpNiTeV",10,"1: I confirm","1: I will take it seriously","right","img/Right_Y_Symmetry_X_Rotation.svg",1,39,"2: female",NA,"Ysym"
"6eQIKQsbXYbn",10,"1: I confirm","1: I will take it seriously","right","img/Right_Y_Symmetry_X_Rotation.svg",0,27,"2: female","n/a","not_Ysym"
"arLeiqgTml8C",10,"1: I confirm","1: I will take it seriously","right","img/Right_Y_Symmetry_X_Rotation.svg",0,49,"2: female",NA,"not_Ysym"
"DtRiYU1nLpUy",10,"1: I confirm","1: I will take it seriously","right","img/Right_Y_Symmetry_X_Rotation.svg",0,23,"2: female",NA,"not_Ysym"
"EHn9O1HDsCNZ",10,"1: I confirm","1: I will take it seriously","right","img/Right_Y_Symmetry_X_Rotation.svg",1,28,"2: female",NA,"Ysym"
"eldbilwEWg9f",10,"1: I confirm","1: I will take it seriously","right","img/Right_Y_Symmetry_X_Rotation.svg",1,21,"1: male",NA,"Ysym"
"elVrhlXSmzQq",10,"1: I confirm","1: I will take it seriously","right","img/Right_Y_Symmetry_X_Rotation.svg",0,24,"2: female",NA,"not_Ysym"
"eR5PZGyC3ci0",10,"1: I confirm","1: I will take it seriously","right","img/Right_Y_Symmetry_X_Rotation.svg",0,52,"2: female","None","not_Ysym"
"fAJxcHQjxnOG",10,"1: I confirm","1: I will take it seriously","right","img/Right_Y_Symmetry_X_Rotation.svg",0,41,"2: female",NA,"not_Ysym"
"FY2om7O1RAMD",10,"1: I confirm","1: I will take it seriously","right","img/Right_Y_Symmetry_X_Rotation.svg",0,20,"1: male","None.","not_Ysym"
"HYp0Fs9hG1ou",10,"1: I confirm","1: I will take it seriously","right","img/Right_Y_Symmetry_X_Rotation.svg",0,43,"1: male",NA,"not_Ysym"
"JFaCNjvNWkMB",10,"1: I confirm","1: I will take it seriously","right","img/Right_Y_Symmetry_X_Rotation.svg",0,53,"2: female",NA,"not_Ysym"
"JIjAwq1hr9qg",10,"1: I confirm","1: I will take it seriously","right","img/Right_Y_Symmetry_X_Rotation.svg",1,34,"2: female",NA,"Ysym"
"k0cAFI5xB3Cq",10,"1: I confirm","1: I will take it seriously","right","img/Right_Y_Symmetry_X_Rotation.svg",0,33,"1: male",NA,"not_Ysym"
"KsQW4FvYukEB",10,"1: I confirm","1: I will take it seriously","right","img/Right_Y_Symmetry_X_Rotation.svg",0,31,"1: male","n/a","not_Ysym"
"kvslkKEiwq2u",10,"1: I confirm","1: I will take it seriously","right","img/Right_Y_Symmetry_X_Rotation.svg",0,40,"1: male","the sentence didn't make sense","not_Ysym"
"lOT9A4Os3QkZ",10,"1: I confirm","1: I will take it seriously","right","img/Right_Y_Symmetry_X_Rotation.svg",0,25,"2: female","n/a","not_Ysym"
"Mlc9CsyNcSrh",10,"1: I confirm","1: I will take it seriously","right","img/Right_Y_Symmetry_X_Rotation.svg",0,42,"1: male",NA,"not_Ysym"
"Nt4YbEX6PoG1",10,"1: I confirm","1: I will take it seriously","right","img/Right_Y_Symmetry_X_Rotation.svg",0,53,"1: male","None at all. Thank you.","not_Ysym"
"Oj35aIy5b9Xi",10,"1: I confirm","1: I will take it seriously","right","img/Right_Y_Symmetry_X_Rotation.svg",0,23,"2: female",NA,"not_Ysym"
"pvWHcNaO4AAE",10,"1: I confirm","1: I will take it seriously","right","img/Right_Y_Symmetry_X_Rotation.svg",1,41,"1: male",NA,"Ysym"
"PztlpmR3MlGJ",10,"1: I confirm","1: I will take it seriously","right","img/Right_Y_Symmetry_X_Rotation.svg",0,22,"1: male","none","not_Ysym"
"q8640pogXxWb",10,"1: I confirm","1: I will take it seriously","right","img/Right_Y_Symmetry_X_Rotation.svg",1,37,"1: male","Only that I noticed with the first object the scientists in the astronaut suits didn't appear at first, only their shadows appeared and when I went to click continue then they suddenly appeared which seemed odd.","Ysym"
"SMaL4vYippvd",10,"1: I confirm","1: I will take it seriously","right","img/Right_Y_Symmetry_X_Rotation.svg",0,52,"1: male",NA,"not_Ysym"
"sZzJr2TlaJvd",10,"1: I confirm","1: I will take it seriously","right","img/Right_Y_Symmetry_X_Rotation.svg",0,30,"2: female","n/a","not_Ysym"
"td5qq3S9q5rl",10,"1: I confirm","1: I will take it seriously","right","img/Right_Y_Symmetry_X_Rotation.svg",0,64,"2: female",NA,"not_Ysym"
"V7UOPItu93Eo",10,"1: I confirm","1: I will take it seriously","right","img/Right_Y_Symmetry_X_Rotation.svg",0,45,"2: female",NA,"not_Ysym"
"w5ff57c5kOv0",10,"1: I confirm","1: I will take it seriously","right","img/Right_Y_Symmetry_X_Rotation.svg",0,31,"2: female",NA,"not_Ysym"
"Yj26DLmz5Bru",10,"1: I confirm","1: I will take it seriously","right","img/Right_Y_Symmetry_X_Rotation.svg",0,37,"2: female","/","not_Ysym"
"yvvtegOoHUQK",10,"1: I confirm","1: I will take it seriously","right","img/Right_Y_Symmetry_X_Rotation.svg",0,50,"1: male","none","not_Ysym"
"0O8lTwYmVoLK",11,"1: I confirm","1: I will take it seriously","right","img/Right_Y_Symmetry_X_Rotation_180.svg",0,34,"1: male",NA,"not_Ysym"
"3jAS2m7jtC9K",11,"1: I confirm","1: I will take it seriously","right","img/Right_Y_Symmetry_X_Rotation_180.svg",0,22,"2: female",NA,"not_Ysym"
"3NyW07De5mpJ",11,"1: I confirm","1: I will take it seriously","right","img/Right_Y_Symmetry_X_Rotation_180.svg",0,56,"2: female",NA,"not_Ysym"
"5WjmwzBPoNUS",11,"1: I confirm","1: I will take it seriously","right","img/Right_Y_Symmetry_X_Rotation_180.svg",0,51,"2: female","None","not_Ysym"
"6ioRmm1QCc7i",11,"1: I confirm","1: I will take it seriously","right","img/Right_Y_Symmetry_X_Rotation_180.svg",1,44,"2: female","no errors spotted","Ysym"
"6uuoT1O5n006",11,"1: I confirm","1: I will take it seriously","right","img/Right_Y_Symmetry_X_Rotation_180.svg",1,45,"1: male","n/a","Ysym"
"72e4bTlEuO8k",11,"1: I confirm","1: I will take it seriously","right","img/Right_Y_Symmetry_X_Rotation_180.svg",0,46,"2: female",NA,"not_Ysym"
"8wJoJltz19Ej",11,"1: I confirm","1: I will take it seriously","right","img/Right_Y_Symmetry_X_Rotation_180.svg",1,39,"2: female",NA,"Ysym"
"bYcgfMu7rswt",11,"1: I confirm","1: I will take it seriously","right","img/Right_Y_Symmetry_X_Rotation_180.svg",1,27,"1: male",NA,"Ysym"
"cWPWqkasXnkD",11,"1: I confirm","1: I will take it seriously","right","img/Right_Y_Symmetry_X_Rotation_180.svg",0,59,"2: female",NA,"not_Ysym"
"dFLS9rIIy9H0",11,"1: I confirm","1: I will take it seriously","right","img/Right_Y_Symmetry_X_Rotation_180.svg",0,31,"2: female",NA,"not_Ysym"
"dsW6lSjCoIjp",11,"1: I confirm","1: I will take it seriously","right","img/Right_Y_Symmetry_X_Rotation_180.svg",1,62,"1: male",NA,"Ysym"
"EnBlKQFLjTdT",11,"1: I confirm","1: I will take it seriously","right","img/Right_Y_Symmetry_X_Rotation_180.svg",0,39,"3: non-binary",NA,"not_Ysym"
"FPkJbU0Wf0JJ",11,"1: I confirm","1: I will take it seriously","right","img/Right_Y_Symmetry_X_Rotation_180.svg",1,27,"1: male",NA,"Ysym"
"jfvSEaoc19DP",11,"1: I confirm","1: I will take it seriously","right","img/Right_Y_Symmetry_X_Rotation_180.svg",1,31,"2: female",NA,"Ysym"
"jyAUtYJcLCkh",11,"1: I confirm","1: I will take it seriously","right","img/Right_Y_Symmetry_X_Rotation_180.svg",0,33,"2: female",NA,"not_Ysym"
"kFU9CaeBNVG7",11,"1: I confirm","1: I will take it seriously","right","img/Right_Y_Symmetry_X_Rotation_180.svg",0,34,"1: male",NA,"not_Ysym"
"kNqzpKwTz6pa",11,"1: I confirm","1: I will take it seriously","right","img/Right_Y_Symmetry_X_Rotation_180.svg",0,31,"1: male",NA,"not_Ysym"
"M6LUJeue6bUY",11,"1: I confirm","1: I will take it seriously","right","img/Right_Y_Symmetry_X_Rotation_180.svg",0,35,"1: male",NA,"not_Ysym"
"M7fsgWipQyNG",11,"1: I confirm","1: I will take it seriously","right","img/Right_Y_Symmetry_X_Rotation_180.svg",1,46,"1: male",NA,"Ysym"
"MGFzGFr8tCZt",11,"1: I confirm","1: I will take it seriously","right","img/Right_Y_Symmetry_X_Rotation_180.svg",0,38,"1: male",NA,"not_Ysym"
"n69ujPuP5JNA",11,"1: I confirm","1: I will take it seriously","right","img/Right_Y_Symmetry_X_Rotation_180.svg",1,45,"1: male","None, but interesting study!","Ysym"
"QjAAFGooYfkW",11,"1: I confirm","1: I will take it seriously","right","img/Right_Y_Symmetry_X_Rotation_180.svg",0,38,"2: female",NA,"not_Ysym"
"SfSS4jORgq4g",11,"1: I confirm","1: I will take it seriously","right","img/Right_Y_Symmetry_X_Rotation_180.svg",0,37,"2: female","none","not_Ysym"
"WbMrv6mbbrJt",11,"1: I confirm","1: I will take it seriously","right","img/Right_Y_Symmetry_X_Rotation_180.svg",0,24,"1: male",NA,"not_Ysym"
"wd0SkbrOLXPr",11,"1: I confirm","1: I will take it seriously","right","img/Right_Y_Symmetry_X_Rotation_180.svg",0,20,"2: female",NA,"not_Ysym"
"WGkxx6Uv8bmv",11,"1: I confirm","1: I will take it seriously","right","img/Right_Y_Symmetry_X_Rotation_180.svg",1,31,"2: female","no errors","Ysym"
"X6bD7bQ605Oc",11,"1: I confirm","1: I will take it seriously","right","img/Right_Y_Symmetry_X_Rotation_180.svg",0,20,"2: female","N/A","not_Ysym"
"YavMcHtQww3M",11,"1: I confirm","1: I will take it seriously","right","img/Right_Y_Symmetry_X_Rotation_180.svg",1,26,"1: male","NO ERRORS ENCOUNTERED","Ysym"
"yx2qcFQkZFRr",11,"1: I confirm","1: I will take it seriously","right","img/Right_Y_Symmetry_X_Rotation_180.svg",0,52,"2: female",NA,"not_Ysym"
"zgLdudKvOkOL",11,"1: I confirm","1: I will take it seriously","right","img/Right_Y_Symmetry_X_Rotation_180.svg",0,30,"1: male",NA,"not_Ysym"
"3IPLXF34b9X4",12,"1: I confirm","1: I will take it seriously","right","img/Right_Y_Symmetry_X_Symmetry.svg",1,23,"1: male",NA,"Ysym"
"7DLDVotuJeZB",12,"1: I confirm","1: I will take it seriously","right","img/Right_Y_Symmetry_X_Symmetry.svg",0,42,"2: female",NA,"not_Ysym"
"7Vco25SlghZ5",12,"1: I confirm","1: I will take it seriously","right","img/Right_Y_Symmetry_X_Symmetry.svg",1,43,"2: female",NA,"Ysym"
"afajyBf4wflQ",12,"1: I confirm","1: I will take it seriously","right","img/Right_Y_Symmetry_X_Symmetry.svg",0,31,"2: female",NA,"not_Ysym"
"C8HTks1lCvl3",12,"1: I confirm","1: I will take it seriously","right","img/Right_Y_Symmetry_X_Symmetry.svg",0,30,"2: female",NA,"not_Ysym"
"d2RBalWxMqLi",12,"1: I confirm","1: I will take it seriously","right","img/Right_Y_Symmetry_X_Symmetry.svg",0,26,"2: female",NA,"not_Ysym"
"eLgHjP3QMzAP",12,"1: I confirm","1: I will take it seriously","right","img/Right_Y_Symmetry_X_Symmetry.svg",0,41,"2: female",NA,"not_Ysym"
"eNjyjAFrQUBv",12,"1: I confirm","1: I will take it seriously","right","img/Right_Y_Symmetry_X_Symmetry.svg",0,37,"2: female","none","not_Ysym"
"EXJGSpGzje2x",12,"1: I confirm","1: I will take it seriously","right","img/Right_Y_Symmetry_X_Symmetry.svg",1,53,"2: female","I had to shrink the size of the page so as to be able to click on the continue button.","Ysym"
"fCwvjAusKlRS",12,"1: I confirm","1: I will take it seriously","right","img/Right_Y_Symmetry_X_Symmetry.svg",0,53,"2: female","No problems, Thank you","not_Ysym"
"gS68zfh4hXPR",12,"1: I confirm","1: I will take it seriously","right","img/Right_Y_Symmetry_X_Symmetry.svg",0,26,"1: male",NA,"not_Ysym"
"hcuYwlrUwKKe",12,"1: I confirm","1: I will take it seriously","right","img/Right_Y_Symmetry_X_Symmetry.svg",1,45,"1: male",NA,"Ysym"
"hVziPEjtTthi",12,"1: I confirm","1: I will take it seriously","right","img/Right_Y_Symmetry_X_Symmetry.svg",0,38,"1: male","All good!","not_Ysym"
"I85iWPXJOx0t",12,"1: I confirm","1: I will take it seriously","right","img/Right_Y_Symmetry_X_Symmetry.svg",0,33,"1: male",NA,"not_Ysym"
"jJEedOSB2R2R",12,"1: I confirm","1: I will take it seriously","right","img/Right_Y_Symmetry_X_Symmetry.svg",0,46,"2: female",NA,"not_Ysym"
"kd85oLMNUFM8",12,"1: I confirm","1: I will take it seriously","right","img/Right_Y_Symmetry_X_Symmetry.svg",1,38,"2: female","n/a","Ysym"
"KmHvmZFpjQTu",12,"1: I confirm","1: I will take it seriously","right","img/Right_Y_Symmetry_X_Symmetry.svg",1,34,"1: male",NA,"Ysym"
"Ld6QIoKsVjYM",12,"1: I confirm","1: I will take it seriously","right","img/Right_Y_Symmetry_X_Symmetry.svg",0,23,"1: male",NA,"not_Ysym"
"M9Ym8Bb6kvCY",12,"1: I confirm","1: I will take it seriously","right","img/Right_Y_Symmetry_X_Symmetry.svg",0,26,"1: male",NA,"not_Ysym"
"nZuXnB5cPQUn",12,"1: I confirm","1: I will take it seriously","right","img/Right_Y_Symmetry_X_Symmetry.svg",0,22,"2: female",NA,"not_Ysym"
"oMbIV2v0vXuL",12,"1: I confirm","1: I will take it seriously","right","img/Right_Y_Symmetry_X_Symmetry.svg",0,26,"1: male",NA,"not_Ysym"
"pe0tC0rmgyFI",12,"1: I confirm","1: I will take it seriously","right","img/Right_Y_Symmetry_X_Symmetry.svg",0,65,"1: male",NA,"not_Ysym"
"Q23owpwn3S75",12,"1: I confirm","1: I will take it seriously","right","img/Right_Y_Symmetry_X_Symmetry.svg",0,35,"2: female",NA,"not_Ysym"
"rTerNE0fcl0R",12,"1: I confirm","1: I will take it seriously","right","img/Right_Y_Symmetry_X_Symmetry.svg",0,37,"1: male",NA,"not_Ysym"
"t3SbphlwCCgx",12,"1: I confirm","1: I will take it seriously","right","img/Right_Y_Symmetry_X_Symmetry.svg",1,38,"1: male",NA,"Ysym"
"tt21EdJttlUS",12,"1: I confirm","1: I will take it seriously","right","img/Right_Y_Symmetry_X_Symmetry.svg",0,34,"2: female",NA,"not_Ysym"
"WyCgotwlTpXp",12,"1: I confirm","1: I will take it seriously","right","img/Right_Y_Symmetry_X_Symmetry.svg",1,70,"2: female",NA,"Ysym"
"xYpPdgRv5CZD",12,"1: I confirm","1: I will take it seriously","right","img/Right_Y_Symmetry_X_Symmetry.svg",0,32,"1: male",NA,"not_Ysym"
"YauzxCRWQfUc",12,"1: I confirm","1: I will take it seriously","right","img/Right_Y_Symmetry_X_Symmetry.svg",0,35,"2: female",NA,"not_Ysym"
"YXxvXFojtmKf",12,"1: I confirm","1: I will take it seriously","right","img/Right_Y_Symmetry_X_Symmetry.svg",0,30,"1: male",NA,"not_Ysym"
"z3nOzKEk69Yx",12,"1: I confirm","1: I will take it seriously","right","img/Right_Y_Symmetry_X_Symmetry.svg",1,31,"1: male",NA,"Ysym"
"0re5nPXuJ5LM",13,"1: I confirm","1: I will take it seriously","right","img/Right_Y_Symmetry_Y_Translation.svg",0,32,"1: male",NA,"not_Ysym"
"0uvAKXiIsXEH",13,"1: I confirm","1: I will take it seriously","right","img/Right_Y_Symmetry_Y_Translation.svg",1,48,"1: male",NA,"Ysym"
"17EtJFG9j6Sa",13,"1: I confirm","1: I will take it seriously","right","img/Right_Y_Symmetry_Y_Translation.svg",0,62,"1: male","All worked fine.","not_Ysym"
"191eFfvouk6O",13,"1: I confirm","1: I will take it seriously","right","img/Right_Y_Symmetry_Y_Translation.svg",1,30,"1: male",NA,"Ysym"
"45wfy9hMNqbr",13,"1: I confirm","1: I will take it seriously","right","img/Right_Y_Symmetry_Y_Translation.svg",0,39,"2: female","No errors.","not_Ysym"
"64kwvgR30mgx",13,"1: I confirm","1: I will take it seriously","right","img/Right_Y_Symmetry_Y_Translation.svg",1,25,"1: male","N/A","Ysym"
"7jzakBZ4AIlU",13,"1: I confirm","1: I will take it seriously","right","img/Right_Y_Symmetry_Y_Translation.svg",0,27,"2: female",NA,"not_Ysym"
"8HNXLJOnSRHq",13,"1: I confirm","1: I will take it seriously","right","img/Right_Y_Symmetry_Y_Translation.svg",0,27,"1: male",NA,"not_Ysym"
"8NFzwcK03FBL",13,"1: I confirm","1: I will take it seriously","right","img/Right_Y_Symmetry_Y_Translation.svg",0,36,"1: male",NA,"not_Ysym"
"at8SfjW9jjgn",13,"1: I confirm","1: I will take it seriously","right","img/Right_Y_Symmetry_Y_Translation.svg",0,59,"1: male","None","not_Ysym"
"ciqPLrqevpQd",13,"1: I confirm","1: I will take it seriously","right","img/Right_Y_Symmetry_Y_Translation.svg",0,26,"2: female","N/A","not_Ysym"
"clYu446Lk8Pn",13,"1: I confirm","1: I will take it seriously","right","img/Right_Y_Symmetry_Y_Translation.svg",0,22,"2: female",NA,"not_Ysym"
"eGR6k00hLmk3",13,"1: I confirm","1: I will take it seriously","right","img/Right_Y_Symmetry_Y_Translation.svg",0,28,"1: male",NA,"not_Ysym"
"iBp8L1RnsJQe",13,"1: I confirm","1: I will take it seriously","right","img/Right_Y_Symmetry_Y_Translation.svg",0,24,"1: male","none found","not_Ysym"
"iKvtsandU0Lh",13,"1: I confirm","1: I will take it seriously","right","img/Right_Y_Symmetry_Y_Translation.svg",0,35,"1: male",NA,"not_Ysym"
"j2CiEB5yrsll",13,"1: I confirm","1: I will take it seriously","right","img/Right_Y_Symmetry_Y_Translation.svg",0,41,"1: male",NA,"not_Ysym"
"JJad5JPzr3Nj",13,"1: I confirm","1: I will take it seriously","right","img/Right_Y_Symmetry_Y_Translation.svg",0,51,"1: male","none","not_Ysym"
"KiJAyUyUDl6j",13,"1: I confirm","1: I will take it seriously","right","img/Right_Y_Symmetry_Y_Translation.svg",0,31,"2: female",NA,"not_Ysym"
"kX70sTgZtd6D",13,"1: I confirm","1: I will take it seriously","right","img/Right_Y_Symmetry_Y_Translation.svg",0,39,"2: female","none","not_Ysym"
"letMpUGKP9VS",13,"1: I confirm","1: I will take it seriously","right","img/Right_Y_Symmetry_Y_Translation.svg",0,43,"2: female",NA,"not_Ysym"
"LpKh6IqOd2WK",13,"1: I confirm","1: I will take it seriously","right","img/Right_Y_Symmetry_Y_Translation.svg",0,34,"1: male",NA,"not_Ysym"
"M7o41AUHyQEQ",13,"1: I confirm","1: I will take it seriously","right","img/Right_Y_Symmetry_Y_Translation.svg",0,25,"3: non-binary",NA,"not_Ysym"
"m8Py4psM5zW2",13,"1: I confirm","1: I will take it seriously","right","img/Right_Y_Symmetry_Y_Translation.svg",1,59,"1: male",NA,"Ysym"
"MwXteDL4kkYB",13,"1: I confirm","1: I will take it seriously","right","img/Right_Y_Symmetry_Y_Translation.svg",0,43,"2: female",NA,"not_Ysym"
"ojpTsajI7WTp",13,"1: I confirm","1: I will take it seriously","right","img/Right_Y_Symmetry_Y_Translation.svg",1,41,"2: female",NA,"Ysym"
"PHhzrf2DZGn1",13,"1: I confirm","1: I will take it seriously","right","img/Right_Y_Symmetry_Y_Translation.svg",0,25,"1: male",NA,"not_Ysym"
"PZ2SNCFJSalc",13,"1: I confirm","1: I will take it seriously","right","img/Right_Y_Symmetry_Y_Translation.svg",0,34,"2: female","none","not_Ysym"
"ui3CShTITuiM",13,"1: I confirm","1: I will take it seriously","right","img/Right_Y_Symmetry_Y_Translation.svg",0,36,"2: female","None, all worked well","not_Ysym"
"WMhNLnoWDThC",13,"1: I confirm","1: I will take it seriously","right","img/Right_Y_Symmetry_Y_Translation.svg",0,38,"1: male",NA,"not_Ysym"
"XPOI6hNhc8iX",13,"1: I confirm","1: I will take it seriously","right","img/Right_Y_Symmetry_Y_Translation.svg",0,29,"1: male",NA,"not_Ysym"
"yBEn4fk02ELz",13,"1: I confirm","1: I will take it seriously","right","img/Right_Y_Symmetry_Y_Translation.svg",0,63,"2: female",NA,"not_Ysym"
"09M1gykU74kc",14,"1: I confirm","1: I will take it seriously","right","img/Right_Y_Symmetry_X_Translation.svg",1,27,"2: female",NA,"Ysym"
"0vwclqPEU1FX",14,"1: I confirm","1: I will take it seriously","right","img/Right_Y_Symmetry_X_Translation.svg",1,43,"1: male",NA,"Ysym"
"4lfZgaFhMC00",14,"1: I confirm","1: I will take it seriously","right","img/Right_Y_Symmetry_X_Translation.svg",1,36,"1: male",NA,"Ysym"
"5Ve55Cctn3tS",14,"1: I confirm","1: I will take it seriously","right","img/Right_Y_Symmetry_X_Translation.svg",1,61,"2: female","I didn't notice any errors.","Ysym"
"8fmtbq4I3V0o",14,"1: I confirm","1: I will take it seriously","right","img/Right_Y_Symmetry_X_Translation.svg",1,42,"1: male",NA,"Ysym"
"aKXmJMPvv0xo",14,"1: I confirm","1: I will take it seriously","right","img/Right_Y_Symmetry_X_Translation.svg",1,52,"2: female",NA,"Ysym"
"AviFua1SgRy5",14,"1: I confirm","1: I will take it seriously","right","img/Right_Y_Symmetry_X_Translation.svg",1,46,"2: female","none","Ysym"
"b9N7reEg5NgD",14,"1: I confirm","1: I will take it seriously","right","img/Right_Y_Symmetry_X_Translation.svg",1,35,"2: female","None","Ysym"
"BY7c6hnbVw3a",14,"1: I confirm","1: I will take it seriously","right","img/Right_Y_Symmetry_X_Translation.svg",0,52,"1: male",NA,"not_Ysym"
"csXoqmaTxWng",14,"1: I confirm","1: I will take it seriously","right","img/Right_Y_Symmetry_X_Translation.svg",1,32,"1: male",NA,"Ysym"
"dmAibd6Dl0gU",14,"1: I confirm","1: I will take it seriously","right","img/Right_Y_Symmetry_X_Translation.svg",0,44,"1: male",NA,"not_Ysym"
"DPwah1aHjZyQ",14,"1: I confirm","1: I will take it seriously","right","img/Right_Y_Symmetry_X_Translation.svg",1,45,"1: male","No errors. Everything ran smoothly.","Ysym"
"eJoKgYo5VPHK",14,"1: I confirm","1: I will take it seriously","right","img/Right_Y_Symmetry_X_Translation.svg",1,46,"2: female","nothing","Ysym"
"FgOQ3rok9nMj",14,"1: I confirm","1: I will take it seriously","right","img/Right_Y_Symmetry_X_Translation.svg",0,36,"2: female",NA,"not_Ysym"
"HeBqrwZkm4ne",14,"1: I confirm","1: I will take it seriously","right","img/Right_Y_Symmetry_X_Translation.svg",1,20,"1: male",NA,"Ysym"
"HNodeBXrUdv7",14,"1: I confirm","1: I will take it seriously","right","img/Right_Y_Symmetry_X_Translation.svg",0,32,"2: female",NA,"not_Ysym"
"IJOjnmcR1n8Q",14,"1: I confirm","1: I will take it seriously","right","img/Right_Y_Symmetry_X_Translation.svg",0,41,"2: female",NA,"not_Ysym"
"Ix06Mu5kLSaZ",14,"1: I confirm","1: I will take it seriously","right","img/Right_Y_Symmetry_X_Translation.svg",1,53,"2: female","none","Ysym"
"jXOL7HnVS3jQ",14,"1: I confirm","1: I will take it seriously","right","img/Right_Y_Symmetry_X_Translation.svg",1,43,"1: male","There were no material errors, but the grammar was confusing","Ysym"
"k83WpGodzDtN",14,"1: I confirm","1: I will take it seriously","right","img/Right_Y_Symmetry_X_Translation.svg",1,26,"2: female",NA,"Ysym"
"kuT6UVP7lXLD",14,"1: I confirm","1: I will take it seriously","right","img/Right_Y_Symmetry_X_Translation.svg",1,39,"2: female",NA,"Ysym"
"mQOUP40s3Pe4",14,"1: I confirm","1: I will take it seriously","right","img/Right_Y_Symmetry_X_Translation.svg",1,21,"2: female",NA,"Ysym"
"nPAmfL1JRbji",14,"1: I confirm","1: I will take it seriously","right","img/Right_Y_Symmetry_X_Translation.svg",1,39,"1: male","no errors","Ysym"
"Nq1OHmI0Pg3O",14,"1: I confirm","1: I will take it seriously","right","img/Right_Y_Symmetry_X_Translation.svg",1,35,"2: female",NA,"Ysym"
"RjRTKt4hv32U",14,"1: I confirm","1: I will take it seriously","right","img/Right_Y_Symmetry_X_Translation.svg",0,39,"1: male",NA,"not_Ysym"
"rKelMBHKhZsw",14,"1: I confirm","1: I will take it seriously","right","img/Right_Y_Symmetry_X_Translation.svg",1,19,"1: male",NA,"Ysym"
"tAPUjSAMI90D",14,"1: I confirm","1: I will take it seriously","right","img/Right_Y_Symmetry_X_Translation.svg",1,22,"2: female",NA,"Ysym"
"WKrVX7B7CYfu",14,"1: I confirm","1: I will take it seriously","right","img/Right_Y_Symmetry_X_Translation.svg",0,38,"1: male","no errors","not_Ysym"
"xrF4GgjLurMs",14,"1: I confirm","1: I will take it seriously","right","img/Right_Y_Symmetry_X_Translation.svg",1,60,"1: male","grammar was a bit off in the question about the 2 objects","Ysym"
"YL6dkBEII6rp",14,"1: I confirm","1: I will take it seriously","right","img/Right_Y_Symmetry_X_Translation.svg",0,35,"1: male",NA,"not_Ysym"
"zaKa67SCqoV0",14,"1: I confirm","1: I will take it seriously","right","img/Right_Y_Symmetry_X_Translation.svg",0,52,"1: male","None","not_Ysym"
